y,fish,stage,day,plotday
-0.5930894279773845,3.0,Baseline,1.0,1
3.3035378189687177,3.0,Baseline,1.0,1
1.5534684692837248,3.0,Baseline,1.0,1
2.407541733969015,3.0,Baseline,1.0,1
0.0980915574594038,3.0,Baseline,1.0,1
-0.3063750891331291,3.0,Baseline,1.0,1
0.6543854659269097,3.0,Baseline,2.0,2
-5.225297038691634,3.0,Baseline,2.0,2
9.380619970671663,3.0,Baseline,2.0,2
1.84795069140034,3.0,Baseline,2.0,2
-7.561719619513022,3.0,Baseline,2.0,2
-1.5125108460366885,3.0,Baseline,2.0,2
2.0782199927924445,3.0,Baseline,3.0,3
-6.307526336363939,3.0,Baseline,3.0,3
-6.643116971734239,3.0,Baseline,3.0,3
-2.0429261351991084,3.0,Baseline,3.0,3
-0.359362717887545,3.0,Baseline,3.0,3
-0.4146367720985076,3.0,Baseline,3.0,3
3.044582424657228,3.0,Baseline,4.0,4
-0.916311929133773,3.0,Baseline,4.0,4
0.2305613555656556,3.0,Baseline,4.0,4
-2.258609464177056,3.0,Baseline,4.0,4
-0.8106164008490438,3.0,Baseline,4.0,4
0.0500981220241055,3.0,Baseline,4.0,4
1.1614092812351415,3.0,Baseline,5.0,5
-1.7810508115779229,3.0,Baseline,5.0,5
-0.163344481195268,3.0,Baseline,5.0,5
2.2618173808846667,3.0,Baseline,5.0,5
-5.472024099390171,3.0,Baseline,5.0,5
-0.5044989300688478,3.0,Baseline,5.0,5
1.482576206821262,3.0,Baseline,6.0,6
1.96987768535046,3.0,Baseline,6.0,6
-4.607225048512343,3.0,Baseline,6.0,6
-8.685253822734824,3.0,Baseline,6.0,6
0.105782660279415,3.0,Baseline,6.0,6
-0.1251037990346636,3.0,Baseline,6.0,6
-3.0652396587187627,3.0,Baseline,7.0,7
0.173069387048442,3.0,Baseline,7.0,7
-6.067985934810192,3.0,Baseline,7.0,7
-4.87805911097353,3.0,Baseline,7.0,7
-6.774814269767767,3.0,Baseline,7.0,7
-5.16213916339648,3.0,Baseline,7.0,7
-7.666474577989629,3.0,Baseline,8.0,8
-2.4797106354256457,3.0,Baseline,8.0,8
4.090232649297056,3.0,Baseline,8.0,8
-3.054638230433532,3.0,Baseline,8.0,8
0.7551299036829241,3.0,Baseline,8.0,8
-3.339564313906754,3.0,Baseline,8.0,8
0.6713458510026291,3.0,Baseline,9.0,9
2.0388910033272687,3.0,Baseline,9.0,9
0.4798772758105633,3.0,Baseline,9.0,9
-2.546662686279736,3.0,Baseline,9.0,9
-3.313801709546058,3.0,Baseline,9.0,9
-1.1341468686908651,3.0,Baseline,9.0,9
-2.0506391797369963,3.0,Baseline,10.0,10
-1.3988248214238657,3.0,Baseline,10.0,10
-1.6666535647633274,3.0,Baseline,10.0,10
-3.9844949280411406,3.0,Baseline,10.0,10
-2.471028618299624,3.0,Baseline,10.0,10
-1.2306949611508462,3.0,Baseline,10.0,10
-5.880760908926309,3.0,Baseline,11.0,11
2.041809442538024,3.0,Baseline,11.0,11
-3.2368292105682945,3.0,Baseline,11.0,11
-11.644695668795425,3.0,Baseline,11.0,11
0.2104324643114549,3.0,Baseline,11.0,11
-9.926354511794804,3.0,Baseline,11.0,11
0.5870107594788934,3.0,Baseline,12.0,12
-1.7763961555030845,3.0,Baseline,12.0,12
0.0103762531335486,3.0,Baseline,12.0,12
-0.1547377034807563,3.0,Baseline,12.0,12
-0.5082156241969279,3.0,Baseline,12.0,12
-2.5258791649547128,3.0,Baseline,12.0,12
-0.8989593894309326,3.0,Baseline,13.0,13
-5.389528987970687,3.0,Baseline,13.0,13
-0.024325780795185,3.0,Baseline,13.0,13
-1.401280637945421,3.0,Baseline,13.0,13
-2.7082641735059787,3.0,Baseline,13.0,13
3.220066194394309,3.0,Baseline,13.0,13
-4.16541247148358,3.0,Baseline,14.0,14
-1.136170526116841,3.0,Baseline,14.0,14
-2.945918759612029,3.0,Baseline,14.0,14
-0.2958965206123499,3.0,Baseline,14.0,14
0.0732223779545633,3.0,Baseline,14.0,14
-6.154781319492514,3.0,Baseline,14.0,14
-0.6156139217632592,3.0,Baseline,15.0,15
-0.8181484117416826,3.0,Baseline,15.0,15
-2.814806338911193,3.0,Baseline,15.0,15
-0.1274967239815543,3.0,Baseline,15.0,15
-3.292574090765221,3.0,Baseline,15.0,15
0.9711213203139218,3.0,Baseline,15.0,15
-0.2886996110949339,3.0,Baseline,16.0,16
-4.732980306644912,3.0,Baseline,16.0,16
-1.018239228946485,3.0,Baseline,16.0,16
-0.5977242772292466,3.0,Baseline,16.0,16
0.208768505044349,3.0,Baseline,16.0,16
-3.2830161843288925,3.0,Baseline,16.0,16
0.4715901780596211,3.0,Baseline,17.0,17
-1.931536105621532,3.0,Baseline,17.0,17
0.2112144819643508,3.0,Baseline,17.0,17
1.5025267444368164,3.0,Baseline,17.0,17
0.0305646951321566,3.0,Baseline,17.0,17
-0.4404213073981075,3.0,Baseline,17.0,17
-0.4134873584464977,3.0,Baseline,18.0,18
-3.2715914878975387,3.0,Baseline,18.0,18
-7.202919733248538,3.0,Baseline,18.0,18
-0.1660544888385794,3.0,Baseline,18.0,18
-0.0051121933726429,3.0,Baseline,18.0,18
0.6673966927547506,3.0,Baseline,18.0,18
-0.346677809358305,3.0,Baseline,19.0,19
-0.4773524449537016,3.0,Baseline,19.0,19
-0.3235513235970815,3.0,Baseline,19.0,19
-1.6151140406414712,3.0,Baseline,19.0,19
-0.2368520775891339,3.0,Baseline,19.0,19
-0.5826867389356478,3.0,Baseline,19.0,19
-0.6729234035705562,3.0,Baseline,20.0,20
-0.1565316993944783,3.0,Baseline,20.0,20
0.1421555665985296,3.0,Baseline,20.0,20
-0.5851912640972088,3.0,Baseline,20.0,20
1.90040035614234,3.0,Baseline,20.0,20
-0.1877914040639035,3.0,Baseline,20.0,20
-0.4989485436490821,3.0,Baseline,21.0,21
-0.544447831336001,3.0,Baseline,21.0,21
-0.0442148103530482,3.0,Baseline,21.0,21
0.0447402935316847,3.0,Baseline,21.0,21
-0.1794105734068205,3.0,Baseline,21.0,21
-2.7940470286918666,3.0,Baseline,21.0,21
-0.5980375486204417,3.0,Baseline,22.0,22
-0.3392355118103323,3.0,Baseline,22.0,22
0.1128223804395944,3.0,Baseline,22.0,22
-2.672975521293208,3.0,Baseline,22.0,22
-0.0703428389716038,3.0,Baseline,22.0,22
-0.8677370517606101,3.0,Baseline,22.0,22
-2.873353936923937,3.0,Baseline,23.0,23
-0.3320798132543274,3.0,Baseline,23.0,23
-0.0994099831468054,3.0,Baseline,23.0,23
-4.091611508397373,3.0,Baseline,23.0,23
0.0512352590643357,3.0,Baseline,23.0,23
-0.2403390330517893,3.0,Baseline,23.0,23
0.0427000028053946,3.0,Baseline,24.0,24
-0.0022415408435898,3.0,Baseline,24.0,24
-0.3017633869238639,3.0,Baseline,24.0,24
-0.9358678319057724,3.0,Baseline,24.0,24
-0.0151342072217977,3.0,Baseline,24.0,24
0.1263099702421306,3.0,Baseline,24.0,24
0.0071677293017547,3.0,Baseline,25.0,25
-0.0160268383088247,3.0,Baseline,25.0,25
0.3604009319480932,3.0,Baseline,25.0,25
-0.0372137218468234,3.0,Baseline,25.0,25
-0.9066834182797516,3.0,Baseline,25.0,25
-0.1187407573031613,3.0,Baseline,25.0,25
-0.1225606735271876,3.0,Baseline,26.0,26
-0.1218145065784865,3.0,Baseline,26.0,26
0.0079567721026021,3.0,Baseline,26.0,26
-0.4960784496242657,3.0,Baseline,26.0,26
3.283906129482056,3.0,Baseline,26.0,26
8.098599862797762,3.0,Baseline,26.0,26
5.229806823864598,3.0,Rotation,1.0,27
2.813716204189042,3.0,Rotation,1.0,27
0.2472939021824349,3.0,Rotation,1.0,27
0.0853143062859432,3.0,Rotation,1.0,27
3.137846896973901,3.0,Rotation,1.0,27
2.456431844192242,3.0,Rotation,1.0,27
1.2860683023993489,3.0,Rotation,2.0,28
4.44094389505655,3.0,Rotation,2.0,28
0.9416892645306076,3.0,Rotation,2.0,28
4.155697415870386,3.0,Rotation,2.0,28
1.764210170764695,3.0,Rotation,2.0,28
2.49166608533632,3.0,Rotation,2.0,28
-1.2013289435697727,3.0,Rotation,3.0,29
-0.2316916577160558,3.0,Rotation,3.0,29
-0.018892393137166,3.0,Rotation,3.0,29
4.142961072171326,3.0,Rotation,3.0,29
0.1654516804482227,3.0,Rotation,3.0,29
0.6649571910036859,3.0,Rotation,3.0,29
0.2907699059214345,3.0,Rotation,4.0,30
3.8089524772672,3.0,Rotation,4.0,30
-0.1300636061023797,3.0,Rotation,4.0,30
-0.2044159905506833,3.0,Rotation,4.0,30
2.202219799239839,3.0,Rotation,4.0,30
-0.2511441255903939,3.0,Rotation,4.0,30
0.3851118912090197,3.0,Rotation,5.0,31
-0.1146278555970454,3.0,Rotation,5.0,31
0.2147636791120903,3.0,Rotation,5.0,31
-0.1210269144962223,3.0,Rotation,5.0,31
0.3997406846731875,3.0,Rotation,5.0,31
4.596286103246577,3.0,Rotation,5.0,31
4.884913479585139,3.0,Rotation,6.0,32
0.6630783626399266,3.0,Rotation,6.0,32
-1.4652074844264389,3.0,Rotation,6.0,32
2.778845934410654,3.0,Rotation,6.0,32
0.6614250288044522,3.0,Rotation,6.0,32
0.096405205751084,3.0,Rotation,6.0,32
-0.416090192607431,3.0,Rotation,7.0,33
0.4071565900333735,3.0,Rotation,7.0,33
0.8587909344854507,3.0,Rotation,7.0,33
1.4459722788267806,3.0,Rotation,7.0,33
0.2553998117805172,3.0,Rotation,7.0,33
-0.9901443254387862,3.0,Rotation,7.0,33
0.5028106137441177,3.0,Rotation,8.0,34
-0.0077073654673858,3.0,Rotation,8.0,34
0.6996026433639344,3.0,Rotation,8.0,34
-0.1411300045271236,3.0,Rotation,8.0,34
-0.1646237028003126,3.0,Rotation,8.0,34
-0.1930109013853682,3.0,Rotation,8.0,34
-0.0489729154766966,3.0,Rotation,9.0,35
0.1045108904123547,3.0,Rotation,9.0,35
-0.1668488006119693,3.0,Rotation,9.0,35
-0.3212423029950655,3.0,Rotation,9.0,35
2.6529605467226185,3.0,Rotation,9.0,35
1.1347830177609928,3.0,Rotation,9.0,35
-3.6336432498814073,3.0,Rotation,10.0,36
1.861447004700392,3.0,Rotation,10.0,36
-2.2087788484994264,3.0,Rotation,10.0,36
-0.4466245069712058,3.0,Rotation,10.0,36
0.8292088755057385,3.0,Rotation,10.0,36
0.5846917962433481,3.0,Rotation,10.0,36
-5.542278931497391,3.0,Rotation,11.0,37
0.5017739203584425,3.0,Rotation,11.0,37
-4.785082005505985,3.0,Rotation,11.0,37
1.090339034309496,3.0,Rotation,11.0,37
1.180871774101072,3.0,Rotation,11.0,37
3.2479390835940354,3.0,Rotation,11.0,37
-0.0410941636643593,3.0,Rotation,12.0,38
0.1670793738145165,3.0,Rotation,12.0,38
-0.1695540085169679,3.0,Rotation,12.0,38
-0.0050258977360227,3.0,Rotation,12.0,38
-0.960491965071856,3.0,Rotation,12.0,38
0.0339525082258047,3.0,Rotation,12.0,38
0.2620510230345802,3.0,Rotation,13.0,39
-0.1623856940177989,3.0,Rotation,13.0,39
-4.692619143970797,3.0,Rotation,13.0,39
-4.426718958148775,3.0,Rotation,13.0,39
-0.1931183983146375,3.0,Rotation,13.0,39
-0.1131744011826603,3.0,Rotation,13.0,39
-0.028260235778539,3.0,Rotation,14.0,40
-4.058896952370205,3.0,Rotation,14.0,40
-0.1949169797807445,3.0,Rotation,14.0,40
-0.2359219305972802,3.0,Rotation,14.0,40
0.5354918556897267,3.0,Rotation,14.0,40
-0.1979687120314482,3.0,Rotation,14.0,40
5.460308633867797,3.0,Rotation,15.0,41
-3.183446337962548,3.0,Rotation,15.0,41
-0.1499695377458038,3.0,Rotation,15.0,41
-4.489198398109436,3.0,Rotation,15.0,41
0.6769433711611261,3.0,Rotation,15.0,41
2.8314495667650434,3.0,Rotation,15.0,41
-0.2731447860616434,3.0,Rotation,16.0,42
2.729048890625734,3.0,Rotation,16.0,42
-0.805745637554854,3.0,Rotation,16.0,42
0.8329919475143145,3.0,Rotation,16.0,42
0.4579742027687027,3.0,Rotation,16.0,42
-1.98317383627268,3.0,Rotation,16.0,42
-2.352684290356533,3.0,Washout,1.0,43
-8.324951810958444,3.0,Washout,1.0,43
-4.680322130485727,3.0,Washout,1.0,43
-5.29056464984357,3.0,Washout,1.0,43
-0.944158810097644,3.0,Washout,1.0,43
-2.3373340116194514,3.0,Washout,1.0,43
-0.3585102965959448,3.0,Washout,2.0,44
-0.1722714126196047,3.0,Washout,2.0,44
-3.3975768741603285,3.0,Washout,2.0,44
1.9090861878074417,3.0,Washout,2.0,44
-0.1126432819023662,3.0,Washout,2.0,44
-1.4996699559260145,3.0,Washout,2.0,44
0.8736283670523209,3.0,Washout,3.0,45
-0.1058296555484522,3.0,Washout,3.0,45
-0.2114218291987465,3.0,Washout,3.0,45
-0.9415392027362208,3.0,Washout,3.0,45
-0.2532550840486505,3.0,Washout,3.0,45
-0.2310451981404572,3.0,Washout,3.0,45
-0.216099761846806,3.0,Washout,4.0,46
-4.927107797861012,3.0,Washout,4.0,46
-5.249952773353685,3.0,Washout,4.0,46
-1.81187000515344,3.0,Washout,4.0,46
0.9065436361166368,3.0,Washout,4.0,46
4.771565390767251,3.0,Washout,4.0,46
-9.364606039780934,3.0,Washout,5.0,47
-6.910285158638869,3.0,Washout,5.0,47
-1.887885882373718,3.0,Washout,5.0,47
-3.84669833778081,3.0,Washout,5.0,47
0.3394175304608474,3.0,Washout,5.0,47
-0.2472061665178397,3.0,Washout,5.0,47
0.3582919684820386,3.0,Washout,6.0,48
-6.333629982605432,3.0,Washout,6.0,48
-2.8609045084499187,3.0,Washout,6.0,48
0.9015186725951329,3.0,Washout,6.0,48
-1.9487137271374928,3.0,Washout,6.0,48
-11.217696817105985,3.0,Washout,6.0,48
-2.581349153242376,3.0,Washout,7.0,49
3.750624950501854,3.0,Washout,7.0,49
-0.6976078870494253,3.0,Washout,7.0,49
0.1077554066556796,3.0,Washout,7.0,49
-0.5515222354758719,3.0,Washout,7.0,49
-0.1164182197576763,3.0,Washout,7.0,49
-4.035389757824731,3.0,Washout,8.0,50
-0.2881710029730243,3.0,Washout,8.0,50
0.2916660554810527,3.0,Washout,8.0,50
-1.0511352984475737,3.0,Washout,8.0,50
-4.982265999808307,3.0,Washout,8.0,50
-2.41760652256977,3.0,Washout,8.0,50
-1.15128763234434,3.0,Washout,9.0,51
-3.4383022056078323,3.0,Washout,9.0,51
-4.126065927062458,3.0,Washout,9.0,51
0.1521003661603378,3.0,Washout,9.0,51
-1.7654042198561497,3.0,Washout,9.0,51
-6.372043655233079,3.0,Washout,9.0,51
-0.132328642678849,3.0,Washout,10.0,52
-0.6491682256498953,3.0,Washout,10.0,52
-0.8797707106049495,3.0,Washout,10.0,52
-0.7914624736882566,3.0,Washout,10.0,52
0.3904052615398557,3.0,Washout,10.0,52
2.0876611223274697,3.0,Washout,10.0,52
0.3109226853261353,3.0,ReRotation,1.0,53
3.5286944685837534,3.0,ReRotation,1.0,53
0.1125685395647218,3.0,ReRotation,1.0,53
0.1412192046427308,3.0,ReRotation,1.0,53
2.423669556157719,3.0,ReRotation,1.0,53
0.862807911204382,3.0,ReRotation,1.0,53
5.649616112141735,3.0,ReRotation,2.0,54
0.998728664333806,3.0,ReRotation,2.0,54
2.6444956138014395,3.0,ReRotation,2.0,54
4.551716052568107,3.0,ReRotation,2.0,54
0.3452660298851468,3.0,ReRotation,2.0,54
8.050470545002305,3.0,ReRotation,2.0,54
5.08201889051404,3.0,ReRotation,3.0,55
2.8470616833772024,3.0,ReRotation,3.0,55
0.1856050857877161,3.0,ReRotation,3.0,55
0.1267474997477847,3.0,ReRotation,3.0,55
0.8650144765709682,3.0,ReRotation,3.0,55
1.1676694821926137,3.0,ReRotation,3.0,55
4.613525918448719,3.0,ReRotation,4.0,56
3.4619150343594574,3.0,ReRotation,4.0,56
0.3230070962135223,3.0,ReRotation,4.0,56
6.966701496649691,3.0,ReRotation,4.0,56
5.781610175295412,3.0,ReRotation,4.0,56
0.6018908683992534,3.0,ReRotation,4.0,56
3.231436479278121,3.0,ReRotation,5.0,57
2.186700799631455,3.0,ReRotation,5.0,57
1.42531464995416,3.0,ReRotation,5.0,57
3.153489419474668,3.0,ReRotation,5.0,57
4.149741769508888,3.0,ReRotation,5.0,57
2.771586831649256,3.0,ReRotation,5.0,57
0.3608050252605115,3.0,ReRotation,6.0,58
0.1330785344409659,3.0,ReRotation,6.0,58
5.994443152715191,3.0,ReRotation,6.0,58
0.3197841177627657,3.0,ReRotation,6.0,58
3.0666699143135894,3.0,ReRotation,6.0,58
7.0108120753850764,3.0,ReRotation,6.0,58
1.9283681212032149,3.0,ReRotation,7.0,59
0.4211151758829336,3.0,ReRotation,7.0,59
6.500257386750979,3.0,ReRotation,7.0,59
0.2618967170394123,3.0,ReRotation,7.0,59
2.0026271473186674,3.0,ReRotation,7.0,59
6.342538021595524,3.0,ReRotation,7.0,59
4.304948135106969,3.0,ReRotation,8.0,60
1.3498381635525445,3.0,ReRotation,8.0,60
0.2178367283173817,3.0,ReRotation,8.0,60
4.8860948657556165,3.0,ReRotation,8.0,60
0.5682899259341754,3.0,ReRotation,8.0,60
5.994582069915946,3.0,ReRotation,8.0,60
-0.2836337700198617,7.0,Baseline,1.0,1
0.9474050358730156,7.0,Baseline,1.0,1
3.1851194384217143,7.0,Baseline,1.0,1
0.2380789437923021,7.0,Baseline,1.0,1
-0.2323843636935367,7.0,Baseline,1.0,1
1.0302497013730263,7.0,Baseline,1.0,1
2.3410685597116623,7.0,Baseline,2.0,2
-10.847009426499538,7.0,Baseline,2.0,2
1.508951574671597,7.0,Baseline,2.0,2
3.3305561555706267,7.0,Baseline,2.0,2
-0.9953280089277228,7.0,Baseline,2.0,2
-0.1329510204303616,7.0,Baseline,2.0,2
-2.916801437599976,7.0,Baseline,3.0,3
-0.8826828307580334,7.0,Baseline,3.0,3
-0.011770428298988,7.0,Baseline,3.0,3
-1.6712506173949513,7.0,Baseline,3.0,3
0.722843280640938,7.0,Baseline,3.0,3
0.4770410199148551,7.0,Baseline,3.0,3
-3.473540003083932,7.0,Baseline,4.0,4
-2.1329753596328973,7.0,Baseline,4.0,4
-0.0495604866007828,7.0,Baseline,4.0,4
-0.1914011775415104,7.0,Baseline,4.0,4
0.1405020131840633,7.0,Baseline,4.0,4
4.868751514888958,7.0,Baseline,4.0,4
-5.637406414875626,7.0,Baseline,5.0,5
-0.2376148838780854,7.0,Baseline,5.0,5
-0.2567817363750665,7.0,Baseline,5.0,5
-0.8612197283525184,7.0,Baseline,5.0,5
-6.266586733483351,7.0,Baseline,5.0,5
-0.2828610740689363,7.0,Baseline,5.0,5
2.294256145918936,7.0,Baseline,6.0,6
-0.0101191425572164,7.0,Baseline,6.0,6
2.010705413973485,7.0,Baseline,6.0,6
0.6476179719172331,7.0,Baseline,6.0,6
0.0602354578859852,7.0,Baseline,6.0,6
1.5742402255751062,7.0,Baseline,6.0,6
0.2335801735056075,7.0,Baseline,7.0,7
-2.6945199420499737,7.0,Baseline,7.0,7
0.0911920188716499,7.0,Baseline,7.0,7
-4.792431666239354,7.0,Baseline,7.0,7
0.4523923147472105,7.0,Baseline,7.0,7
-0.0403057964012657,7.0,Baseline,7.0,7
0.1246664234290037,7.0,Baseline,8.0,8
-0.1038944978425154,7.0,Baseline,8.0,8
0.3973142626160999,7.0,Baseline,8.0,8
-1.864758940151166,7.0,Baseline,8.0,8
-0.0444570103125997,7.0,Baseline,8.0,8
1.6444348887741524,7.0,Baseline,8.0,8
-1.9377792443517623,7.0,Baseline,9.0,9
-0.7371552314817752,7.0,Baseline,9.0,9
-0.4056744109559477,7.0,Baseline,9.0,9
-0.1187631680324666,7.0,Baseline,9.0,9
1.648443721021028,7.0,Baseline,9.0,9
0.6148214459364587,7.0,Baseline,9.0,9
-0.0242414018857467,7.0,Baseline,10.0,10
-4.598315705707829,7.0,Baseline,10.0,10
-0.3276791207884483,7.0,Baseline,10.0,10
-0.1046482244364546,7.0,Baseline,10.0,10
0.0092881826864,7.0,Baseline,10.0,10
0.3398955925369414,7.0,Baseline,10.0,10
-0.1532388292688474,7.0,Baseline,11.0,11
-0.8612914381501579,7.0,Baseline,11.0,11
-0.2439303505798873,7.0,Baseline,11.0,11
0.071048559525228,7.0,Baseline,11.0,11
-0.1622331561045627,7.0,Baseline,11.0,11
-1.3866418994522025,7.0,Baseline,11.0,11
0.0428086415340767,7.0,Baseline,12.0,12
-0.3768331399999945,7.0,Baseline,12.0,12
1.6951383879347393,7.0,Baseline,12.0,12
-1.763502353133536,7.0,Baseline,12.0,12
2.484267154954449,7.0,Baseline,12.0,12
1.934223755743724,7.0,Rotation,1.0,13
1.779973137636043,7.0,Rotation,1.0,13
1.0198639338355482,7.0,Rotation,1.0,13
1.218133045246166,7.0,Rotation,1.0,13
-0.8930075600026066,7.0,Rotation,1.0,13
-2.3397714004593526,7.0,Rotation,1.0,13
0.8141978054778785,7.0,Rotation,2.0,14
-4.326094275036838,7.0,Rotation,2.0,14
3.689719292736065,7.0,Rotation,2.0,14
0.4109195314081915,7.0,Rotation,2.0,14
2.878495390453996,7.0,Rotation,2.0,14
-0.6581328984213441,7.0,Rotation,2.0,14
1.3087783556828665,7.0,Rotation,3.0,15
0.1787821930856411,7.0,Rotation,3.0,15
-2.9618515704644697,7.0,Rotation,3.0,15
-3.841647935796653,7.0,Rotation,3.0,15
-3.688369160786966,7.0,Rotation,3.0,15
-0.5899793581159488,7.0,Rotation,3.0,15
2.535290507261441,7.0,Rotation,4.0,16
3.6763797969913,7.0,Rotation,4.0,16
0.5747951093459335,7.0,Rotation,4.0,16
-4.362451736600682,7.0,Rotation,4.0,16
1.0710430803862097,7.0,Rotation,4.0,16
2.3974229192750216,7.0,Rotation,4.0,16
3.923239274228549,7.0,Rotation,5.0,17
2.6826799265398265,7.0,Rotation,5.0,17
2.6253486969493536,7.0,Rotation,5.0,17
5.083015970148034,7.0,Rotation,5.0,17
-3.676446000774631,7.0,Rotation,5.0,17
3.227269831739019,7.0,Rotation,5.0,17
2.483339613122652,7.0,Rotation,6.0,18
-1.4310761987307956,7.0,Rotation,6.0,18
1.7555985323674117,7.0,Rotation,6.0,18
-4.767907841881853,7.0,Rotation,6.0,18
3.606048690047938,7.0,Rotation,6.0,18
0.3799752561449709,7.0,Rotation,6.0,18
3.826222846827325,7.0,Rotation,7.0,19
-1.5767692550253452,7.0,Rotation,7.0,19
3.92191530553058,7.0,Rotation,7.0,19
6.304847268622771,7.0,Rotation,7.0,19
3.635098145460255,7.0,Rotation,7.0,19
0.6621291236323648,7.0,Rotation,7.0,19
-3.890615174960368,7.0,Rotation,8.0,20
1.037367092375857,7.0,Rotation,8.0,20
1.6035870643573158,7.0,Rotation,8.0,20
1.4189205502102975,7.0,Rotation,8.0,20
0.9378975461373564,7.0,Rotation,8.0,20
3.720743599180482,7.0,Rotation,8.0,20
-3.277701636046248,7.0,Rotation,9.0,21
-0.5621878149702337,7.0,Rotation,9.0,21
-0.0952759760871724,7.0,Rotation,9.0,21
-3.4164622420184387,7.0,Rotation,9.0,21
-0.6241765545978915,7.0,Rotation,9.0,21
0.1612184389777554,7.0,Rotation,9.0,21
-0.0317736090076487,7.0,Rotation,10.0,22
-0.34822933211503,7.0,Rotation,10.0,22
1.165047444813234,7.0,Rotation,10.0,22
-2.196893432160062,7.0,Rotation,10.0,22
-0.0354219253269576,7.0,Rotation,10.0,22
1.112441034543242,7.0,Rotation,10.0,22
-0.1512390330404048,7.0,Rotation,11.0,23
2.978993863602956,7.0,Rotation,11.0,23
-8.541369886248724,7.0,Rotation,11.0,23
4.676169403726393,7.0,Rotation,11.0,23
1.819905303912931,7.0,Rotation,11.0,23
0.1841804924420076,7.0,Rotation,11.0,23
-0.1049665370499501,7.0,Rotation,12.0,24
-0.3624014805357488,7.0,Rotation,12.0,24
-3.3605789122311487,7.0,Rotation,12.0,24
-0.0189296027921207,7.0,Rotation,12.0,24
0.0929016272823875,7.0,Rotation,12.0,24
0.8233739203048425,7.0,Rotation,12.0,24
2.2587204769377647,7.0,Rotation,13.0,25
2.5791681195681946,7.0,Rotation,13.0,25
5.826672323010734,7.0,Rotation,13.0,25
3.7719845968080974,7.0,Rotation,13.0,25
0.0433569199966805,7.0,Rotation,13.0,25
0.1676195533874782,7.0,Rotation,13.0,25
-0.0990755422905026,7.0,Rotation,14.0,26
-1.5183902847194102,7.0,Rotation,14.0,26
0.1691831394825583,7.0,Rotation,14.0,26
0.2345444412859046,7.0,Rotation,14.0,26
-0.1705558876437804,7.0,Rotation,14.0,26
-0.2354657394371474,7.0,Rotation,14.0,26
-0.1189926522982996,7.0,Rotation,15.0,27
0.0368877071237233,7.0,Rotation,15.0,27
0.4237881481550679,7.0,Rotation,15.0,27
-0.0937935628639156,7.0,Rotation,15.0,27
-3.676111898848458,7.0,Rotation,15.0,27
-0.4410409383446218,7.0,Rotation,15.0,27
-0.1790031223788318,7.0,Washout,1.0,28
-0.348995755442128,7.0,Washout,1.0,28
-0.694803751097363,7.0,Washout,1.0,28
-0.2909836054874471,7.0,Washout,1.0,28
-0.9891275116865402,7.0,Washout,1.0,28
0.029867185985195,7.0,Washout,1.0,28
-0.276407386287027,7.0,Washout,2.0,29
-0.1709079133182914,7.0,Washout,2.0,29
-0.144479084465686,7.0,Washout,2.0,29
-4.910938314465504,7.0,Washout,2.0,29
-2.7472058174871035,7.0,Washout,2.0,29
-0.2439546291573484,7.0,Washout,2.0,29
-0.0837903893087603,7.0,Washout,3.0,30
0.0528636912498805,7.0,Washout,3.0,30
-0.1270515217687975,7.0,Washout,3.0,30
-0.1859038461303773,7.0,Washout,3.0,30
0.4072895609180422,7.0,Washout,3.0,30
-0.0618647966711842,7.0,Washout,3.0,30
0.1408236803750001,7.0,Washout,4.0,31
-0.0874819007694927,7.0,Washout,4.0,31
-0.0586008017995858,7.0,Washout,4.0,31
2.6479010491051,7.0,Washout,4.0,31
0.0664799007628233,7.0,Washout,4.0,31
-0.1917475420382712,7.0,Washout,4.0,31
-0.1636152323737024,7.0,Washout,5.0,32
-0.2361515544040045,7.0,Washout,5.0,32
-0.3657431897533167,7.0,Washout,5.0,32
-0.3121330508754752,7.0,Washout,5.0,32
-0.1884713976567184,7.0,Washout,5.0,32
-5.279708352936983,7.0,Washout,5.0,32
-0.4772336582326698,7.0,Washout,6.0,33
-5.174097670819272,7.0,Washout,6.0,33
4.528538448552382,7.0,Washout,6.0,33
-1.3429878650830405,7.0,Washout,6.0,33
0.2476582416889705,7.0,Washout,6.0,33
-6.311872225789682,7.0,Washout,6.0,33
-0.936772009399509,7.0,Washout,7.0,34
1.2797841880803278,7.0,Washout,7.0,34
-1.8428764221203968,7.0,Washout,7.0,34
-4.455835144146708,7.0,Washout,7.0,34
-3.600301328181154,7.0,Washout,7.0,34
0.6529715146780233,7.0,Washout,7.0,34
-1.001268027167037,7.0,Washout,8.0,35
-2.134009548154488,7.0,Washout,8.0,35
-0.9066079962447346,7.0,Washout,8.0,35
-1.2407489695693232,7.0,Washout,8.0,35
-0.6694002488112335,7.0,Washout,8.0,35
-0.1902607542143004,7.0,Washout,8.0,35
-0.1478032544007584,7.0,Washout,9.0,36
-0.1437027508820464,7.0,Washout,9.0,36
0.397059969124137,7.0,Washout,9.0,36
0.8157011890405012,7.0,Washout,9.0,36
-0.1555278955156958,7.0,Washout,9.0,36
0.2207825453266757,7.0,Washout,9.0,36
-0.1601899789544377,7.0,Washout,10.0,37
-0.0585962099461316,7.0,Washout,10.0,37
-0.1823170919149698,7.0,Washout,10.0,37
-0.6012210531949632,7.0,Washout,10.0,37
1.8209580618679189,7.0,Washout,10.0,37
3.4830101357460963,7.0,Washout,10.0,37
8.941736990197509,7.0,ReRotation,1.0,38
5.587877767696712,7.0,ReRotation,1.0,38
2.082107793759281,7.0,ReRotation,1.0,38
5.198728386282116,7.0,ReRotation,1.0,38
3.097750812938774,7.0,ReRotation,1.0,38
0.8404510819553408,7.0,ReRotation,1.0,38
8.747163583912728,7.0,ReRotation,2.0,39
2.175304238683522,7.0,ReRotation,2.0,39
1.7355642032952274,7.0,ReRotation,2.0,39
0.7291055828257398,7.0,ReRotation,2.0,39
0.3654739254078937,7.0,ReRotation,2.0,39
5.33238936540962,7.0,ReRotation,2.0,39
1.7144404692469248,7.0,ReRotation,3.0,40
1.2251946052048912,7.0,ReRotation,3.0,40
3.408979799959013,7.0,ReRotation,3.0,40
6.602802617897551,7.0,ReRotation,3.0,40
0.3602556267273282,7.0,ReRotation,3.0,40
0.3488548285705057,7.0,ReRotation,3.0,40
0.6157751519058114,7.0,ReRotation,4.0,41
0.3567089699691061,7.0,ReRotation,4.0,41
1.07405830895545,7.0,ReRotation,4.0,41
0.0372853168490457,7.0,ReRotation,4.0,41
0.0598246484449383,7.0,ReRotation,4.0,41
4.977747128608442,7.0,ReRotation,4.0,41
4.832171440831013,7.0,ReRotation,5.0,42
0.6838665467110142,7.0,ReRotation,5.0,42
3.10012836341044,7.0,ReRotation,5.0,42
0.3059941124496317,7.0,ReRotation,5.0,42
3.125321688359033,7.0,ReRotation,5.0,42
3.2730791769032583,7.0,ReRotation,5.0,42
0.7449973821466136,7.0,ReRotation,6.0,43
0.5368344939051382,7.0,ReRotation,6.0,43
3.611359671852821,7.0,ReRotation,6.0,43
5.635911430838144,7.0,ReRotation,6.0,43
0.5185436760379625,7.0,ReRotation,6.0,43
-5.629005324273926,7.0,ReRotation,6.0,43
-0.0562727867378059,9.0,Baseline,1.0,1
-3.423971951929449,9.0,Baseline,1.0,1
-1.541618018867396,9.0,Baseline,1.0,1
0.6304290324818513,9.0,Baseline,1.0,1
-1.04339877027917,9.0,Baseline,1.0,1
1.2630163276510975,9.0,Baseline,1.0,1
-1.0016406451302935,9.0,Baseline,2.0,2
1.679149197011054,9.0,Baseline,2.0,2
-2.8801971319321384,9.0,Baseline,2.0,2
-0.1733358947150734,9.0,Baseline,2.0,2
-3.2508677299948925,9.0,Baseline,2.0,2
-1.5643519015733436,9.0,Baseline,2.0,2
1.8460417804499585,9.0,Baseline,3.0,3
-0.968420749031827,9.0,Baseline,3.0,3
-1.5057792554326668,9.0,Baseline,3.0,3
0.9618249008720344,9.0,Baseline,3.0,3
0.3915138418974196,9.0,Baseline,3.0,3
-3.654476545774692,9.0,Baseline,3.0,3
-0.7560007982012439,9.0,Baseline,4.0,4
-0.3757261055257532,9.0,Baseline,4.0,4
2.8061647504913334,9.0,Baseline,4.0,4
-0.2955358716523212,9.0,Baseline,4.0,4
-0.4266923397733748,9.0,Baseline,4.0,4
-0.1999954956873594,9.0,Baseline,4.0,4
1.3694102028706816,9.0,Baseline,5.0,5
1.3805420886384876,9.0,Baseline,5.0,5
-2.461931517570466,9.0,Baseline,5.0,5
5.25442546919174,9.0,Baseline,5.0,5
-0.2627614207999285,9.0,Baseline,5.0,5
-0.2021249860694298,9.0,Baseline,5.0,5
-0.0541996413879738,9.0,Baseline,6.0,6
0.2447160836106813,9.0,Baseline,6.0,6
1.3127395022283974,9.0,Baseline,6.0,6
-0.7005323300915417,9.0,Baseline,6.0,6
0.0643337398980208,9.0,Baseline,6.0,6
-0.0022378638688724,9.0,Baseline,6.0,6
-0.0485681050139122,9.0,Baseline,7.0,7
-3.1328960647807382,9.0,Baseline,7.0,7
1.7457041046078383,9.0,Baseline,7.0,7
-4.741632330226083,9.0,Baseline,7.0,7
-0.0973759676935015,9.0,Baseline,7.0,7
-0.1010592892868532,9.0,Baseline,7.0,7
-0.1307923971311422,9.0,Baseline,8.0,8
2.322769149305684,9.0,Baseline,8.0,8
-2.675827830984336,9.0,Baseline,8.0,8
-0.1246046119233558,9.0,Baseline,8.0,8
-0.2672859092878511,9.0,Baseline,8.0,8
0.0790677749777997,9.0,Baseline,8.0,8
3.824744275811183,9.0,Baseline,9.0,9
-0.2041746431010238,9.0,Baseline,9.0,9
-0.3880567552145895,9.0,Baseline,9.0,9
0.7026655432303308,9.0,Baseline,9.0,9
0.2272278426352566,9.0,Baseline,9.0,9
2.118283048052028,9.0,Baseline,9.0,9
-5.340989747490174,9.0,Baseline,10.0,10
-2.924116596226052,9.0,Baseline,10.0,10
0.1682619153611637,9.0,Baseline,10.0,10
-0.1133398539737369,9.0,Baseline,10.0,10
4.354167086372392,9.0,Baseline,10.0,10
-0.3798360075705679,9.0,Baseline,10.0,10
2.2380372750684767,9.0,Baseline,11.0,11
2.1398097341229008,9.0,Baseline,11.0,11
0.1493645932578412,9.0,Baseline,11.0,11
-7.056043541007185,9.0,Baseline,11.0,11
7.80579326666415,9.0,Baseline,11.0,11
-0.0768042493490422,9.0,Baseline,11.0,11
-0.0207597914640293,9.0,Baseline,12.0,12
-2.11089374730806,9.0,Baseline,12.0,12
-3.546924681572979,9.0,Baseline,12.0,12
-0.6928554943679995,9.0,Baseline,12.0,12
-0.1511921824383681,9.0,Baseline,12.0,12
0.4005528067671007,9.0,Baseline,12.0,12
-0.4713384513899951,9.0,Baseline,13.0,13
0.1103379831766378,9.0,Baseline,13.0,13
-0.0843796806420195,9.0,Baseline,13.0,13
-3.158737135838485,9.0,Baseline,13.0,13
-0.884423441962845,9.0,Baseline,13.0,13
-0.1517099003287765,9.0,Baseline,13.0,13
2.5142094974307727,9.0,Baseline,14.0,14
-0.7236514593096098,9.0,Baseline,14.0,14
0.3957023948270398,9.0,Baseline,14.0,14
-0.1600366309920041,9.0,Baseline,14.0,14
0.0095881089098859,9.0,Baseline,14.0,14
2.435005566554812,9.0,Baseline,14.0,14
0.1536082132195489,9.0,Baseline,15.0,15
-0.4516987273024813,9.0,Baseline,15.0,15
-0.1384060368427044,9.0,Baseline,15.0,15
-0.4191091931358954,9.0,Baseline,15.0,15
-0.1871502877628344,9.0,Baseline,15.0,15
2.677233177891265,9.0,Baseline,15.0,15
-0.0740719306820808,9.0,Baseline,16.0,16
-0.3298838651372817,9.0,Baseline,16.0,16
-0.1603174721300558,9.0,Baseline,16.0,16
-0.1316890952928132,9.0,Baseline,16.0,16
0.0267265219729055,9.0,Baseline,16.0,16
-0.2792027684702146,9.0,Baseline,16.0,16
4.62511177956056,9.0,Baseline,17.0,17
1.2475810705145824,9.0,Baseline,17.0,17
-0.2126743184708041,9.0,Baseline,17.0,17
-0.0560549889966563,9.0,Baseline,17.0,17
-0.1650528897442648,9.0,Baseline,17.0,17
5.965945654080565,9.0,Baseline,17.0,17
-0.337472912715431,9.0,Baseline,18.0,18
-0.3332679967811928,9.0,Baseline,18.0,18
-0.1245671289295251,9.0,Baseline,18.0,18
-0.0638890490380767,9.0,Baseline,18.0,18
5.877529639444215,9.0,Baseline,18.0,18
-0.2023822242211299,9.0,Baseline,18.0,18
-0.1986029220189016,9.0,Baseline,19.0,19
-0.065665870168146,9.0,Baseline,19.0,19
0.2696315751622553,9.0,Baseline,19.0,19
7.378969347859704,9.0,Baseline,19.0,19
0.8455208481011947,9.0,Baseline,19.0,19
0.2967851841520706,9.0,Baseline,19.0,19
0.1673364588077087,9.0,Baseline,20.0,20
-1.7683492005350796,9.0,Baseline,20.0,20
-0.0027317984939289,9.0,Baseline,20.0,20
-0.0773759399151849,9.0,Baseline,20.0,20
-0.0426706061531373,9.0,Baseline,20.0,20
-0.0414510748648104,9.0,Baseline,20.0,20
-0.2449497234171575,9.0,Baseline,21.0,21
-0.1535920582449229,9.0,Baseline,21.0,21
0.3293370230424098,9.0,Baseline,21.0,21
0.3145807472753232,9.0,Baseline,21.0,21
0.1452705482949553,9.0,Baseline,21.0,21
-0.3723196229686639,9.0,Baseline,21.0,21
0.0271031638810522,9.0,Baseline,22.0,22
0.3480198238907474,9.0,Baseline,22.0,22
-0.06308947522987,9.0,Baseline,22.0,22
-0.4509831107480745,9.0,Baseline,22.0,22
-0.0413703241142642,9.0,Baseline,22.0,22
-0.2630266767224825,9.0,Baseline,22.0,22
1.7901774461965223,9.0,Baseline,23.0,23
-0.1494959387278365,9.0,Baseline,23.0,23
0.0590065942014027,9.0,Baseline,23.0,23
0.0233480859291075,9.0,Baseline,23.0,23
-0.0656256834009145,9.0,Baseline,23.0,23
0.118630273313915,9.0,Baseline,23.0,23
0.2884466647196534,9.0,Baseline,24.0,24
7.215188469140425,9.0,Baseline,24.0,24
5.982127930544812,9.0,Baseline,24.0,24
3.500550508436267,9.0,Rotation,1.0,25
1.0156990052162325,9.0,Rotation,1.0,25
0.9280443432414552,9.0,Rotation,1.0,25
4.444701457692508,9.0,Rotation,1.0,25
-1.326379021548333,9.0,Rotation,1.0,25
2.200916912796992,9.0,Rotation,1.0,25
-1.0520835901667724,9.0,Rotation,2.0,26
7.037259331443979,9.0,Rotation,2.0,26
-0.4793116295236396,9.0,Rotation,2.0,26
1.95169367362984,9.0,Rotation,2.0,26
-1.6388146230994616,9.0,Rotation,2.0,26
-6.143569263847787,9.0,Rotation,2.0,26
9.055792204667824,9.0,Rotation,3.0,27
7.498097994818999,9.0,Rotation,3.0,27
1.7661034948122023,9.0,Rotation,3.0,27
3.1584599313961106,9.0,Rotation,3.0,27
4.689278420273928,9.0,Rotation,3.0,27
-5.112548781541438,9.0,Rotation,3.0,27
-3.661940238568781,9.0,Rotation,4.0,28
1.0005812258617306,9.0,Rotation,4.0,28
-3.301415339626545,9.0,Rotation,4.0,28
0.5763265593327432,9.0,Rotation,4.0,28
4.356608372797979,9.0,Rotation,4.0,28
-5.280203782535523,9.0,Rotation,4.0,28
-1.2030285549348307,9.0,Rotation,5.0,29
-7.938079295237143,9.0,Rotation,5.0,29
-4.612283675385925,9.0,Rotation,5.0,29
0.2539823711495159,9.0,Rotation,5.0,29
-9.96845387024936,9.0,Rotation,5.0,29
-0.6382471468591285,9.0,Rotation,5.0,29
2.0819597925146534,9.0,Rotation,6.0,30
-0.9322496448308708,9.0,Rotation,6.0,30
-2.781414590831172,9.0,Rotation,6.0,30
-7.63856649623338,9.0,Rotation,6.0,30
3.353906976944603,9.0,Rotation,6.0,30
-6.036049059706803,9.0,Rotation,6.0,30
5.046034960937184,9.0,Rotation,7.0,31
-12.075688487411934,9.0,Rotation,7.0,31
3.59218473608319,9.0,Rotation,7.0,31
-8.318712801988065,9.0,Rotation,7.0,31
-3.206332240315096,9.0,Rotation,7.0,31
-7.852845110313411,9.0,Rotation,7.0,31
-10.495046856612449,9.0,Rotation,8.0,32
-3.897100998197228,9.0,Rotation,8.0,32
-11.15305312825732,9.0,Rotation,8.0,32
0.9745955546848653,9.0,Rotation,8.0,32
-1.0642446368381615,9.0,Rotation,8.0,32
-3.1304930552308257,9.0,Rotation,8.0,32
-7.897904314002794,9.0,Rotation,9.0,33
5.989998486848536,9.0,Rotation,9.0,33
5.2212453148956754,9.0,Rotation,9.0,33
1.4805207009803414,9.0,Rotation,9.0,33
0.7271116371933566,9.0,Rotation,9.0,33
-0.0073184053490042,9.0,Rotation,9.0,33
-2.71117757517852,9.0,Rotation,10.0,34
0.1158154244910933,9.0,Rotation,10.0,34
-4.857179430559015,9.0,Rotation,10.0,34
-2.87170158331382,9.0,Rotation,10.0,34
-5.659694871506144,9.0,Rotation,10.0,34
-7.787621074356608,9.0,Rotation,10.0,34
-5.853607181242992,9.0,Rotation,11.0,35
-7.775027521054048,9.0,Rotation,11.0,35
1.5234527535415696,9.0,Rotation,11.0,35
0.4751573388704486,9.0,Rotation,11.0,35
-2.548013082040108,9.0,Rotation,11.0,35
-4.238136223615328,9.0,Rotation,11.0,35
-1.72882319675844,9.0,Rotation,12.0,36
0.2224782804539055,9.0,Rotation,12.0,36
-1.193636872459254,9.0,Rotation,12.0,36
-4.409749081045848,9.0,Rotation,12.0,36
-4.3793114341589146,9.0,Rotation,12.0,36
-0.259057460695719,9.0,Rotation,12.0,36
-4.498095823617277,9.0,Rotation,13.0,37
0.3161951702410845,9.0,Rotation,13.0,37
2.2341164632629344,9.0,Rotation,13.0,37
-6.166503505028288,9.0,Rotation,13.0,37
2.30289067397696,9.0,Rotation,13.0,37
-1.4344263486869064,9.0,Rotation,13.0,37
0.2512526732022213,9.0,Rotation,14.0,38
3.348020980750846,9.0,Rotation,14.0,38
-6.167101804788916,9.0,Rotation,14.0,38
6.877307255688932,9.0,Rotation,14.0,38
-3.998818819585662,9.0,Rotation,14.0,38
-6.058170747406921,9.0,Rotation,14.0,38
-5.371753770899169,9.0,Rotation,15.0,39
-1.497129461770786,9.0,Rotation,15.0,39
-0.6693133942042382,9.0,Rotation,15.0,39
-0.3101115584328787,9.0,Rotation,15.0,39
-8.889714997278778,9.0,Rotation,15.0,39
-0.8365274280667842,9.0,Rotation,15.0,39
0.2044192497342427,9.0,Rotation,16.0,40
0.7373305666688096,9.0,Rotation,16.0,40
0.4573715575618238,9.0,Rotation,16.0,40
-3.997848904940666,9.0,Rotation,16.0,40
2.3057850854571544,9.0,Rotation,16.0,40
-0.1990387548306637,9.0,Washout,1.0,41
-2.1148977269600464,9.0,Washout,1.0,41
-2.809656123850355,9.0,Washout,1.0,41
-1.139495799603643,9.0,Washout,1.0,41
-0.841275677143525,9.0,Washout,1.0,41
-4.567629627840258,9.0,Washout,1.0,41
-1.569791335593957,9.0,Washout,2.0,42
-6.173671525946983,9.0,Washout,2.0,42
1.174205476476114,9.0,Washout,2.0,42
-0.2021424991894914,9.0,Washout,2.0,42
-2.153032331127384,9.0,Washout,2.0,42
-0.1988947561710059,9.0,Washout,2.0,42
0.0378440124966447,9.0,Washout,3.0,43
3.600469517969607,9.0,Washout,3.0,43
1.6659288883753778,9.0,Washout,3.0,43
0.6881702564251115,9.0,Washout,3.0,43
-0.1780501751709544,9.0,Washout,3.0,43
-0.2922776998694682,9.0,Washout,3.0,43
0.0023415846739653,9.0,Washout,4.0,44
2.269005375754209,9.0,Washout,4.0,44
-1.1758231586712564,9.0,Washout,4.0,44
-0.1059650728935066,9.0,Washout,4.0,44
0.0081995467268056,9.0,Washout,4.0,44
-0.1465592801566546,9.0,Washout,4.0,44
-0.2274608655152299,9.0,Washout,5.0,45
-0.7007521096912606,9.0,Washout,5.0,45
-6.920002769170039,9.0,Washout,5.0,45
-0.0927228800571946,9.0,Washout,5.0,45
-0.1514662163004262,9.0,Washout,5.0,45
-0.1748841918640183,9.0,Washout,5.0,45
0.047584554603251,9.0,Washout,6.0,46
-0.2067509654898565,9.0,Washout,6.0,46
-0.7810462956298154,9.0,Washout,6.0,46
-4.525729496054174,9.0,Washout,6.0,46
-1.2435994510473043,9.0,Washout,6.0,46
1.3488555032134608,9.0,Washout,6.0,46
0.4065430895818472,9.0,Washout,7.0,47
-0.2796807335170396,9.0,Washout,7.0,47
0.7548597738431624,9.0,Washout,7.0,47
-0.225385038922076,9.0,Washout,7.0,47
-1.0813597208196652,9.0,Washout,7.0,47
-0.0715144130464288,9.0,Washout,7.0,47
-6.524745532192493,9.0,Washout,8.0,48
-0.2462569928578967,9.0,Washout,8.0,48
-0.5242858782189054,9.0,Washout,8.0,48
-3.167151792424397,9.0,Washout,8.0,48
-2.00263001508891,9.0,Washout,8.0,48
-0.0079235846191816,9.0,Washout,8.0,48
-0.2166640541804604,9.0,Washout,9.0,49
-0.1978018960760608,9.0,Washout,9.0,49
1.0628872973221744,9.0,Washout,9.0,49
1.1869506326425143,9.0,Washout,9.0,49
0.0204718468593562,9.0,Washout,9.0,49
0.4027908759010539,9.0,Washout,9.0,49
-5.539233722944205,9.0,Washout,10.0,50
1.895242680338428,9.0,Washout,10.0,50
-2.015774090071956,9.0,Washout,10.0,50
1.336976471056545,9.0,Washout,10.0,50
1.134456926476708,9.0,Washout,10.0,50
2.461752414291041,9.0,ReRotation,1.0,51
9.72453585314735,9.0,ReRotation,1.0,51
2.079148251580698,9.0,ReRotation,1.0,51
0.3618539492149933,9.0,ReRotation,1.0,51
9.06896306557853,9.0,ReRotation,1.0,51
0.5987986475496092,9.0,ReRotation,1.0,51
2.7474065892423662,9.0,ReRotation,2.0,52
2.6059998946146576,9.0,ReRotation,2.0,52
0.4381639746014527,9.0,ReRotation,2.0,52
0.4178823757375174,9.0,ReRotation,2.0,52
3.0987392316828366,9.0,ReRotation,2.0,52
2.118568850512252,9.0,ReRotation,2.0,52
0.7504032179250757,9.0,ReRotation,3.0,53
6.2642132107008495,9.0,ReRotation,3.0,53
0.5950498874254359,9.0,ReRotation,3.0,53
1.244975796453014,9.0,ReRotation,3.0,53
5.7874429220801,9.0,ReRotation,3.0,53
1.4833825886942953,9.0,ReRotation,3.0,53
0.4122861898392581,9.0,ReRotation,4.0,54
0.5496870613359164,9.0,ReRotation,4.0,54
0.2617501658236986,9.0,ReRotation,4.0,54
0.4890334295734738,9.0,ReRotation,4.0,54
0.5780831879318432,9.0,ReRotation,4.0,54
0.1873181032948376,9.0,ReRotation,4.0,54
0.2320546946878871,9.0,ReRotation,5.0,55
3.167938293302873,9.0,ReRotation,5.0,55
0.1320421469196877,9.0,ReRotation,5.0,55
3.353661639052561,9.0,ReRotation,5.0,55
0.0845327962080893,9.0,ReRotation,5.0,55
0.0982672386096767,9.0,ReRotation,5.0,55
1.3345893424737645,9.0,ReRotation,6.0,56
0.118339261473586,9.0,ReRotation,6.0,56
0.2887865733688145,9.0,ReRotation,6.0,56
0.3709840007176761,9.0,ReRotation,6.0,56
0.6845028370762044,9.0,ReRotation,6.0,56
1.0129916399260317,9.0,ReRotation,6.0,56
0.1178071519229334,9.0,ReRotation,7.0,57
0.2202800633192195,9.0,ReRotation,7.0,57
0.3177020972447779,9.0,ReRotation,7.0,57
0.221041694899485,9.0,ReRotation,7.0,57
0.0623688718856924,9.0,ReRotation,7.0,57
0.9282796167651512,9.0,ReRotation,7.0,57
6.881355502778849,9.0,ReRotation,8.0,58
0.6601537969213257,9.0,ReRotation,8.0,58
0.392062248998913,9.0,ReRotation,8.0,58
0.6899245307648938,9.0,ReRotation,8.0,58
0.0897937676444007,9.0,ReRotation,8.0,58
1.953013807561382,9.0,ReRotation,8.0,58
0.3434137205737664,9.0,ReRotation,9.0,59
0.1719936594250458,9.0,ReRotation,9.0,59
0.4283201404032533,9.0,ReRotation,9.0,59
0.1253425665804088,9.0,ReRotation,9.0,59
4.0567193608458645,9.0,ReRotation,9.0,59
1.551403571270673,9.0,ReRotation,9.0,59
1.1443280514254723,9.0,ReRotation,10.0,60
1.093229524855856,9.0,ReRotation,10.0,60
0.9835861913838756,9.0,ReRotation,10.0,60
0.1323095783071431,9.0,ReRotation,10.0,60
0.1507771392170825,9.0,ReRotation,10.0,60
0.5782644229575553,9.0,ReRotation,10.0,60
4.581036084146525,9.0,ReRotation,11.0,61
0.2412650906943193,9.0,ReRotation,11.0,61
0.4762846577231303,9.0,ReRotation,11.0,61
4.5301988633046895,9.0,ReRotation,11.0,61
0.1749963858508043,9.0,ReRotation,11.0,61
0.5901441881501762,9.0,ReRotation,11.0,61
0.2746338233247645,9.0,ReRotation,12.0,62
0.3750621644464664,9.0,ReRotation,12.0,62
0.3042717533226574,9.0,ReRotation,12.0,62
0.331991141730016,9.0,ReRotation,12.0,62
0.0737081779512836,9.0,ReRotation,12.0,62
0.7101654105423847,9.0,ReRotation,12.0,62
0.5962801133511099,9.0,ReRotation,13.0,63
0.1523961963648181,9.0,ReRotation,13.0,63
0.1748875857942258,9.0,ReRotation,13.0,63
0.059695328244068,9.0,ReRotation,13.0,63
0.1057344980510501,9.0,ReRotation,13.0,63
0.4778709383468874,9.0,ReRotation,13.0,63
0.2054475228849988,9.0,ReRotation,14.0,64
0.2894092639785927,9.0,ReRotation,14.0,64
0.1694954672625583,9.0,ReRotation,14.0,64
0.1917778305086725,9.0,ReRotation,14.0,64
0.5387843047974599,9.0,ReRotation,14.0,64
0.1209007399997723,9.0,ReRotation,14.0,64
0.0730878575427338,9.0,ReRotation,15.0,65
0.0839422830992731,9.0,ReRotation,15.0,65
0.1902888757897253,9.0,ReRotation,15.0,65
-0.1487684089526366,9.0,ReRotation,15.0,65
-0.075653324513459,9.0,ReRotation,15.0,65
-3.935119261521229,10.0,Baseline,1.0,1
-0.3225582029160552,10.0,Baseline,1.0,1
3.8004198151903776,10.0,Baseline,1.0,1
-0.2055866938058802,10.0,Baseline,1.0,1
-0.984420504902638,10.0,Baseline,1.0,1
-3.504010781849122,10.0,Baseline,1.0,1
-0.1648650730333591,10.0,Baseline,2.0,2
1.64853507076337,10.0,Baseline,2.0,2
2.3661481602192764,10.0,Baseline,2.0,2
0.2239595379445014,10.0,Baseline,2.0,2
-4.82447996289946,10.0,Baseline,2.0,2
-6.65136116355521,10.0,Baseline,2.0,2
2.299901078571955,10.0,Baseline,3.0,3
2.9546550274111363,10.0,Baseline,3.0,3
1.233725573715835,10.0,Baseline,3.0,3
-2.1329929001761343,10.0,Baseline,3.0,3
-4.035414041572163,10.0,Baseline,3.0,3
-2.219804817717513,10.0,Baseline,3.0,3
0.6433357251571916,10.0,Baseline,4.0,4
-0.1881950672307435,10.0,Baseline,4.0,4
-3.656652173054282,10.0,Baseline,4.0,4
2.5416972181230264,10.0,Baseline,4.0,4
-0.0396600724450606,10.0,Baseline,4.0,4
-8.355700143405183,10.0,Baseline,4.0,4
-1.7557664768043793,10.0,Baseline,5.0,5
-0.4773249251439601,10.0,Baseline,5.0,5
0.0291577085543626,10.0,Baseline,5.0,5
-0.2055941508393286,10.0,Baseline,5.0,5
-1.5621631603571031,10.0,Baseline,5.0,5
3.0702052484157174,10.0,Baseline,5.0,5
0.3763062768352898,10.0,Baseline,6.0,6
-0.3267679604059794,10.0,Baseline,6.0,6
0.1549106702936115,10.0,Baseline,6.0,6
-0.2942147009728653,10.0,Baseline,6.0,6
3.0548153202921022,10.0,Baseline,6.0,6
4.060758363097892,10.0,Baseline,6.0,6
-0.9224094267052264,10.0,Baseline,7.0,7
-6.725451820503707,10.0,Baseline,7.0,7
-6.914642403430158,10.0,Baseline,7.0,7
2.227803084352957,10.0,Baseline,7.0,7
-0.1845063786817329,10.0,Baseline,7.0,7
0.8105973428428616,10.0,Baseline,7.0,7
0.2209277921262336,10.0,Baseline,8.0,8
0.3323638548470452,10.0,Baseline,8.0,8
-1.9400542326237025,10.0,Baseline,8.0,8
-3.185420022856569,10.0,Baseline,8.0,8
-0.4252994000628241,10.0,Baseline,8.0,8
-0.3827313782207618,10.0,Baseline,8.0,8
-2.514840442446124,10.0,Baseline,9.0,9
-6.588230631949619,10.0,Baseline,9.0,9
-2.6395024491525225,10.0,Baseline,9.0,9
-2.297872647340952,10.0,Baseline,9.0,9
-5.356203004268362,10.0,Baseline,9.0,9
1.6054258861836237,10.0,Baseline,9.0,9
-4.632872555586726,10.0,Baseline,10.0,10
-0.8815568464924172,10.0,Baseline,10.0,10
-6.549292066915303,10.0,Baseline,10.0,10
-4.975592584568877,10.0,Baseline,10.0,10
-1.4439319338536367,10.0,Baseline,10.0,10
-2.920386049055456,10.0,Baseline,10.0,10
-2.7975517125664604,10.0,Baseline,11.0,11
-0.4776024365163229,10.0,Baseline,11.0,11
-0.1618350694743951,10.0,Baseline,11.0,11
-0.0819226884939238,10.0,Baseline,11.0,11
-3.52504600754271,10.0,Baseline,11.0,11
-0.1980637843868685,10.0,Baseline,11.0,11
0.1806084548995726,10.0,Baseline,12.0,12
-3.80728465971506,10.0,Baseline,12.0,12
-0.0267574316116733,10.0,Baseline,12.0,12
-0.2337458136877763,10.0,Baseline,12.0,12
-0.1517772991568901,10.0,Baseline,12.0,12
0.0209028167467535,10.0,Baseline,12.0,12
-0.2017506500972811,10.0,Baseline,13.0,13
-0.2424284867059785,10.0,Baseline,13.0,13
-0.2028919363865424,10.0,Baseline,13.0,13
1.5872848446353836,10.0,Baseline,13.0,13
-0.0690924892342564,10.0,Baseline,13.0,13
-0.0588347703688983,10.0,Baseline,13.0,13
-4.683141118392637,10.0,Baseline,14.0,14
-3.3233271700501272,10.0,Baseline,14.0,14
-0.2211218694710799,10.0,Baseline,14.0,14
3.3608476248692005,10.0,Baseline,14.0,14
-3.646412763875,10.0,Baseline,14.0,14
7.055543622230085,10.0,Baseline,14.0,14
1.8178975521661425,10.0,Baseline,15.0,15
-0.4707962380125302,10.0,Baseline,15.0,15
4.764252401676957,10.0,Baseline,15.0,15
-0.1128373152313007,10.0,Baseline,15.0,15
0.0024182802802633,10.0,Baseline,15.0,15
0.1342412210826986,10.0,Baseline,15.0,15
-0.1013687797304393,10.0,Baseline,16.0,16
-0.55717264091041,10.0,Baseline,16.0,16
-1.1538334730114328,10.0,Baseline,16.0,16
-0.146680261158469,10.0,Baseline,16.0,16
-0.1196466071800971,10.0,Baseline,16.0,16
0.616186328868918,10.0,Baseline,16.0,16
-0.8245529794902862,10.0,Baseline,17.0,17
1.6344683059084626,10.0,Baseline,17.0,17
0.4891667388184695,10.0,Baseline,17.0,17
-8.785382171310696,10.0,Baseline,17.0,17
-0.4662811334416309,10.0,Baseline,17.0,17
-0.4059999265470975,10.0,Baseline,17.0,17
-1.66571110192892,10.0,Baseline,18.0,18
-0.0252545850091184,10.0,Baseline,18.0,18
-0.0514388023978232,10.0,Baseline,18.0,18
-0.1632439533016528,10.0,Baseline,18.0,18
-0.046205983618749,10.0,Baseline,18.0,18
-0.2969139257676366,10.0,Baseline,18.0,18
-0.2819903628685998,10.0,Baseline,19.0,19
0.1467518123476712,10.0,Baseline,19.0,19
0.3620161687369971,10.0,Baseline,19.0,19
-0.1302999494180184,10.0,Baseline,19.0,19
-3.73116953822063,10.0,Baseline,19.0,19
-5.879933070333347,10.0,Baseline,19.0,19
-9.476387634908754,10.0,Baseline,20.0,20
-0.5770698275617498,10.0,Baseline,20.0,20
-5.461300636588604,10.0,Baseline,20.0,20
0.024322667135503,10.0,Baseline,20.0,20
-0.2378437238086348,10.0,Baseline,20.0,20
-0.1634851657562583,10.0,Baseline,20.0,20
-8.642265703086728,10.0,Baseline,21.0,21
-0.1668044421364732,10.0,Baseline,21.0,21
-6.79366463352091,10.0,Baseline,21.0,21
-0.0597677624671334,10.0,Baseline,21.0,21
-1.356951154485004,10.0,Baseline,21.0,21
-0.0857352307823753,10.0,Baseline,21.0,21
-0.6460643147756483,10.0,Baseline,22.0,22
0.3024658037241785,10.0,Baseline,22.0,22
-4.995550951548007,10.0,Baseline,22.0,22
0.1147840492857864,10.0,Baseline,22.0,22
-0.1392956262778173,10.0,Baseline,22.0,22
0.4641162351487902,10.0,Baseline,22.0,22
-0.8322129036259821,10.0,Baseline,23.0,23
-7.975558925783638,10.0,Baseline,23.0,23
-8.905011148712862,10.0,Baseline,23.0,23
-0.2628858836629486,10.0,Baseline,23.0,23
-6.641087582070954,10.0,Baseline,23.0,23
0.0606183286827602,10.0,Baseline,23.0,23
0.0335659682161961,10.0,Baseline,24.0,24
0.0526344719463516,10.0,Baseline,24.0,24
-3.0926321241502674,10.0,Baseline,24.0,24
-0.3439039418123469,10.0,Baseline,24.0,24
3.9524499901574814,10.0,Baseline,24.0,24
0.9774157259344376,10.0,Baseline,24.0,24
3.2731455191659804,10.0,Baseline,25.0,25
-0.6766131519597387,10.0,Baseline,25.0,25
-0.0810797190830113,10.0,Baseline,25.0,25
-3.825985943435505,10.0,Baseline,25.0,25
1.8319890942025008,10.0,Baseline,25.0,25
0.7071347358271276,10.0,Rotation,1.0,26
-3.6912460512729033,10.0,Rotation,1.0,26
5.04940660287974,10.0,Rotation,1.0,26
-1.185365579824834,10.0,Rotation,1.0,26
-1.6776070458047836,10.0,Rotation,1.0,26
4.276457804969496,10.0,Rotation,1.0,26
6.401152821687995,10.0,Rotation,2.0,27
1.82539262495096,10.0,Rotation,2.0,27
1.807343647902641,10.0,Rotation,2.0,27
3.12150520340501,10.0,Rotation,2.0,27
7.558718670711065,10.0,Rotation,2.0,27
6.823402757058747,10.0,Rotation,2.0,27
0.2959428149484677,10.0,Rotation,3.0,28
5.801713736090441,10.0,Rotation,3.0,28
10.23572916231156,10.0,Rotation,3.0,28
0.3833902151575802,10.0,Rotation,3.0,28
-3.0877091878787684,10.0,Rotation,3.0,28
-3.5391449121419734,10.0,Rotation,3.0,28
-3.993735841704421,10.0,Rotation,4.0,29
2.708913794324168,10.0,Rotation,4.0,29
-1.5881975915624036,10.0,Rotation,4.0,29
0.6811130141180988,10.0,Rotation,4.0,29
-2.104858187638299,10.0,Rotation,4.0,29
-5.390803297558943,10.0,Rotation,4.0,29
1.1828817142728885,10.0,Rotation,5.0,30
-2.3882672412844625,10.0,Rotation,5.0,30
0.0715746366240813,10.0,Rotation,5.0,30
4.219744656638437,10.0,Rotation,5.0,30
8.428851250174192,10.0,Rotation,5.0,30
4.818016836858617,10.0,Rotation,5.0,30
2.334958749562841,10.0,Rotation,6.0,31
-0.6047887656970796,10.0,Rotation,6.0,31
3.043363703410696,10.0,Rotation,6.0,31
0.3710696840937557,10.0,Rotation,6.0,31
-8.93940127770134,10.0,Rotation,6.0,31
6.23381736856439,10.0,Rotation,6.0,31
0.9159466476596312,10.0,Rotation,7.0,32
0.2138982317330726,10.0,Rotation,7.0,32
-4.559419078278704,10.0,Rotation,7.0,32
-3.243227266387459,10.0,Rotation,7.0,32
2.96075071720113,10.0,Rotation,7.0,32
-5.875007366702566,10.0,Rotation,7.0,32
-0.024436578032834,10.0,Rotation,8.0,33
2.417270338569081,10.0,Rotation,8.0,33
0.1749036747705727,10.0,Rotation,8.0,33
0.99437764865865,10.0,Rotation,8.0,33
-8.98170954503921,10.0,Rotation,8.0,33
-3.986623543029157,10.0,Rotation,8.0,33
-0.0252227285964257,10.0,Rotation,9.0,34
-3.921808026055716,10.0,Rotation,9.0,34
-2.2939084341942246,10.0,Rotation,9.0,34
-0.221730218835065,10.0,Rotation,9.0,34
-1.599472622767511,10.0,Rotation,9.0,34
6.155202493244755,10.0,Rotation,9.0,34
-0.3069398769928118,10.0,Rotation,10.0,35
-0.0194317851294281,10.0,Rotation,10.0,35
-2.17781290520046,10.0,Rotation,10.0,35
-1.5533896034678032,10.0,Rotation,10.0,35
-1.2536151101758055,10.0,Rotation,10.0,35
0.0471012633377396,10.0,Rotation,10.0,35
3.061122935365949,10.0,Rotation,11.0,36
-0.7771318117394019,10.0,Rotation,11.0,36
0.0009347080064858,10.0,Rotation,11.0,36
1.898176875766604,10.0,Rotation,11.0,36
1.118164115125818,10.0,Rotation,11.0,36
-5.183715525413825,10.0,Rotation,11.0,36
0.9656820274774858,10.0,Rotation,12.0,37
0.6113647051717312,10.0,Rotation,12.0,37
-0.813978434021287,10.0,Rotation,12.0,37
-5.8513821055440856,10.0,Rotation,12.0,37
0.2621998935101576,10.0,Rotation,12.0,37
-0.9258048908030202,10.0,Rotation,12.0,37
-1.393591904990684,10.0,Rotation,13.0,38
0.4191595134517689,10.0,Rotation,13.0,38
-0.0951879183193611,10.0,Rotation,13.0,38
0.2756123960773106,10.0,Rotation,13.0,38
-2.467391171822744,10.0,Rotation,13.0,38
-3.626539879880154,10.0,Rotation,13.0,38
-7.360899450780779,10.0,Rotation,14.0,39
-6.626574620548202,10.0,Rotation,14.0,39
-3.3624607078297544,10.0,Rotation,14.0,39
0.1429784618679886,10.0,Rotation,14.0,39
0.1203435653489423,10.0,Rotation,14.0,39
7.009113907267155,10.0,Rotation,14.0,39
0.474888615257589,10.0,Rotation,15.0,40
0.7703714995576116,10.0,Rotation,15.0,40
-0.2635297129952996,10.0,Rotation,15.0,40
0.1470827496273614,10.0,Rotation,15.0,40
-0.2601124498962324,10.0,Rotation,15.0,40
1.694348340800644,10.0,Rotation,15.0,40
-1.067037389491115,10.0,Washout,1.0,41
-3.2657829841581947,10.0,Washout,1.0,41
-0.1025680289286463,10.0,Washout,1.0,41
0.6787780055586495,10.0,Washout,1.0,41
-0.1819350547979558,10.0,Washout,1.0,41
-1.5443880623121249,10.0,Washout,1.0,41
-0.0894844913651507,10.0,Washout,2.0,42
-0.1265038830527155,10.0,Washout,2.0,42
-4.490981291655447,10.0,Washout,2.0,42
-3.358336002633266,10.0,Washout,2.0,42
-3.9821277044697054,10.0,Washout,2.0,42
-0.1376053806667422,10.0,Washout,2.0,42
-0.1377267264409032,10.0,Washout,3.0,43
-0.3955519808164282,10.0,Washout,3.0,43
-0.1865029402370162,10.0,Washout,3.0,43
0.5942395731460455,10.0,Washout,3.0,43
-0.1966141876367032,10.0,Washout,3.0,43
-0.1527682547219995,10.0,Washout,3.0,43
-0.1220148122189661,10.0,Washout,4.0,44
-1.684922461148348,10.0,Washout,4.0,44
-3.546169127172498,10.0,Washout,4.0,44
-0.0751993492078042,10.0,Washout,4.0,44
-4.158857488334435,10.0,Washout,4.0,44
2.3916524827251213,10.0,Washout,4.0,44
-0.4105454275534982,10.0,Washout,5.0,45
-0.4419709096754535,10.0,Washout,5.0,45
-0.3014093282359815,10.0,Washout,5.0,45
1.682300309982723,10.0,Washout,5.0,45
0.231086091104455,10.0,Washout,5.0,45
-0.1840463356539255,10.0,Washout,5.0,45
-0.2545830344735198,10.0,Washout,6.0,46
-0.1548024629427377,10.0,Washout,6.0,46
-0.113933638431507,10.0,Washout,6.0,46
-0.1781089116293328,10.0,Washout,6.0,46
-0.2158027298002308,10.0,Washout,6.0,46
-1.1349905576366133,10.0,Washout,6.0,46
-1.5351412644184366,10.0,Washout,7.0,47
0.0162235619747668,10.0,Washout,7.0,47
-0.2004199739594669,10.0,Washout,7.0,47
-0.1066606940477723,10.0,Washout,7.0,47
-0.0450840143647312,10.0,Washout,7.0,47
-0.3155573136680643,10.0,Washout,7.0,47
-3.128185938500517,10.0,Washout,8.0,48
0.2283427850787211,10.0,Washout,8.0,48
4.6829788976265245,10.0,Washout,8.0,48
2.317343335322614,10.0,Washout,8.0,48
0.2734716339975518,10.0,Washout,8.0,48
0.1795955512024908,10.0,Washout,8.0,48
0.5920229576433795,10.0,Washout,9.0,49
-3.045801401679397,10.0,Washout,9.0,49
1.5013562461692416,10.0,Washout,9.0,49
-0.0501389239193392,10.0,Washout,9.0,49
-0.3854906609042636,10.0,Washout,9.0,49
-0.0686060971785443,10.0,Washout,9.0,49
1.7185762328191447,10.0,Washout,10.0,50
-0.1685166268038685,10.0,Washout,10.0,50
0.900987114965918,10.0,Washout,10.0,50
-0.1296490326733973,10.0,Washout,10.0,50
1.2597711201820636,10.0,Washout,10.0,50
2.1021005043728294,10.0,Washout,10.0,50
2.051449049169044,10.0,ReRotation,1.0,51
2.077308290385376,10.0,ReRotation,1.0,51
1.70596827722079,10.0,ReRotation,1.0,51
1.824978889653356,10.0,ReRotation,1.0,51
2.1481769790645844,10.0,ReRotation,1.0,51
2.6527679870368326,10.0,ReRotation,1.0,51
2.8178352023132245,10.0,ReRotation,2.0,52
1.4403549144504169,10.0,ReRotation,2.0,52
0.8155937053517566,10.0,ReRotation,2.0,52
4.302258322915771,10.0,ReRotation,2.0,52
1.0319354113578518,10.0,ReRotation,2.0,52
1.0608302107902,10.0,ReRotation,2.0,52
0.1827515171159657,10.0,ReRotation,3.0,53
2.602939872588384,10.0,ReRotation,3.0,53
3.230562301807108,10.0,ReRotation,3.0,53
1.1080680966513037,10.0,ReRotation,3.0,53
3.382411654683665,10.0,ReRotation,3.0,53
1.8315093349467269,10.0,ReRotation,3.0,53
1.2003074911783125,10.0,ReRotation,4.0,54
2.4440503881985363,10.0,ReRotation,4.0,54
2.218291664726165,10.0,ReRotation,4.0,54
6.33333060040614,10.0,ReRotation,4.0,54
1.1653552836202925,10.0,ReRotation,4.0,54
0.2055634119613067,10.0,ReRotation,4.0,54
0.5365571508981241,10.0,ReRotation,5.0,55
1.473048921043269,10.0,ReRotation,5.0,55
2.4670590618776003,10.0,ReRotation,5.0,55
5.740953986939828,10.0,ReRotation,5.0,55
0.0854316848549222,10.0,ReRotation,5.0,55
1.294891965663797,10.0,ReRotation,5.0,55
0.8410928548736588,10.0,ReRotation,6.0,56
0.9349533622697154,10.0,ReRotation,6.0,56
3.2403403554149994,10.0,ReRotation,6.0,56
3.9056415389052073,10.0,ReRotation,6.0,56
0.6453628393407898,10.0,ReRotation,6.0,56
6.608348818517178,10.0,ReRotation,6.0,56
2.9021872139999854,10.0,ReRotation,7.0,57
0.1961935010818997,10.0,ReRotation,7.0,57
2.3116849814789853,10.0,ReRotation,7.0,57
0.299997955465626,10.0,ReRotation,7.0,57
0.2990197739458292,10.0,ReRotation,7.0,57
5.006707456229001,10.0,ReRotation,7.0,57
0.3522536364349439,10.0,ReRotation,8.0,58
0.9326072151817514,10.0,ReRotation,8.0,58
2.1767397831170827,10.0,ReRotation,8.0,58
0.8508731102787469,10.0,ReRotation,8.0,58
0.1667577778720743,10.0,ReRotation,8.0,58
0.6974470411968919,10.0,ReRotation,8.0,58
1.0696292754263537,10.0,ReRotation,9.0,59
0.9000248105751867,10.0,ReRotation,9.0,59
4.669883556519459,10.0,ReRotation,9.0,59
1.6138141220716526,10.0,ReRotation,9.0,59
0.1247396777401741,10.0,ReRotation,9.0,59
2.927230997672264,10.0,ReRotation,9.0,59
0.2402277309825403,10.0,ReRotation,10.0,60
1.5944726394173196,10.0,ReRotation,10.0,60
0.6086801727718464,10.0,ReRotation,10.0,60
0.2151664288135625,10.0,ReRotation,10.0,60
0.2943974375454376,10.0,ReRotation,10.0,60
3.62238056488033,10.0,ReRotation,10.0,60
4.875938550432903,10.0,ReRotation,11.0,61
0.0870269981340468,10.0,ReRotation,11.0,61
0.4903099762567363,10.0,ReRotation,11.0,61
2.115418592675018,10.0,ReRotation,11.0,61
2.5212574583967724,10.0,ReRotation,11.0,61
0.1833286223662949,10.0,ReRotation,11.0,61
0.5473051861827005,10.0,ReRotation,12.0,62
0.1931503544342295,10.0,ReRotation,12.0,62
1.7774140610562967,10.0,ReRotation,12.0,62
1.7142635289879768,10.0,ReRotation,12.0,62
1.5877134021139143,10.0,ReRotation,12.0,62
0.1192950080455014,10.0,ReRotation,12.0,62
0.2937286009494543,10.0,ReRotation,13.0,63
0.2805799455336086,10.0,ReRotation,13.0,63
0.2410045495638673,10.0,ReRotation,13.0,63
0.1502257175915875,10.0,ReRotation,13.0,63
0.1924619948157052,10.0,ReRotation,13.0,63
2.2190206477969414,10.0,ReRotation,13.0,63
2.679304472795746,10.0,ReRotation,14.0,64
0.3355200284238234,10.0,ReRotation,14.0,64
0.1461143860554115,10.0,ReRotation,14.0,64
0.1967721578231322,10.0,ReRotation,14.0,64
0.1236105399978095,10.0,ReRotation,14.0,64
0.1999636324038218,10.0,ReRotation,14.0,64
0.1110228074309549,10.0,ReRotation,15.0,65
4.275041652940931,10.0,ReRotation,15.0,65
2.9176698762185924,10.0,ReRotation,15.0,65
1.2228007937676983,10.0,ReRotation,15.0,65
0.4101443953381478,,,,1
-0.4016484748980648,12.0,Baseline,1.0,1
0.4570633248894881,12.0,Baseline,1.0,1
-0.7530214001784946,12.0,Baseline,1.0,1
-3.803737546598057,12.0,Baseline,1.0,1
1.958786792238857,12.0,Baseline,1.0,1
-0.6937702171120925,12.0,Baseline,1.0,1
-4.106836634165133,12.0,Baseline,2.0,2
3.704788259666751,12.0,Baseline,2.0,2
4.36884011111368,12.0,Baseline,2.0,2
5.837096650468661,12.0,Baseline,2.0,2
-0.7869035359453801,12.0,Baseline,2.0,2
1.7090168264078098,12.0,Baseline,2.0,2
1.6059768148254754,12.0,Baseline,3.0,3
5.446469211189201,12.0,Baseline,3.0,3
-0.5858618209299716,12.0,Baseline,3.0,3
1.2297819343417398,12.0,Baseline,3.0,3
3.769706702785826,12.0,Baseline,3.0,3
4.270226417458312,12.0,Baseline,3.0,3
-2.450854824891387,12.0,Baseline,4.0,4
0.0228487039301672,12.0,Baseline,4.0,4
-3.457965431725573,12.0,Baseline,4.0,4
0.1897532682965445,12.0,Baseline,4.0,4
0.3251778179389044,12.0,Baseline,4.0,4
6.0564884428923405,12.0,Baseline,4.0,4
2.0827451554316943,12.0,Baseline,5.0,5
-3.619464343177935,12.0,Baseline,5.0,5
0.527623177093659,12.0,Baseline,5.0,5
-0.4207305001422827,12.0,Baseline,5.0,5
-4.12002954904538,12.0,Baseline,5.0,5
-0.8682562841704393,12.0,Baseline,5.0,5
-4.1004244052868914,12.0,Baseline,6.0,6
0.878986990436115,12.0,Baseline,6.0,6
-3.8099226489720976,12.0,Baseline,6.0,6
0.0030861935048191,12.0,Baseline,6.0,6
5.112724070154339,12.0,Baseline,6.0,6
-3.5117594271500283,12.0,Baseline,6.0,6
-3.132052701227376,12.0,Baseline,7.0,7
7.622780548959943,12.0,Baseline,7.0,7
-0.5598997980724096,12.0,Baseline,7.0,7
5.73998808984687,12.0,Baseline,7.0,7
0.9934555498826216,12.0,Baseline,7.0,7
6.444562357799716,12.0,Baseline,7.0,7
0.81092896465059,12.0,Baseline,8.0,8
0.59524770569465,12.0,Baseline,8.0,8
0.211081529566547,12.0,Baseline,8.0,8
-1.6329888733805331,12.0,Baseline,8.0,8
0.2846016280773161,12.0,Baseline,8.0,8
-0.2997931485065668,12.0,Baseline,8.0,8
6.52786037934291,12.0,Baseline,9.0,9
2.9483592340748523,12.0,Baseline,9.0,9
-2.195845334812559,12.0,Baseline,9.0,9
-0.242128119650119,12.0,Baseline,9.0,9
-0.0989850044804116,12.0,Baseline,9.0,9
1.7238469765704083,12.0,Baseline,9.0,9
-9.12740638282708,12.0,Baseline,10.0,10
0.2868516514788214,12.0,Baseline,10.0,10
-2.2581310288724845,12.0,Baseline,10.0,10
0.2161829789408202,12.0,Baseline,10.0,10
-0.4840094918787892,12.0,Baseline,10.0,10
4.128413039303506,12.0,Baseline,10.0,10
1.4295970644695124,12.0,Baseline,11.0,11
3.1173577851449936,12.0,Baseline,11.0,11
-1.239720395604046,12.0,Baseline,11.0,11
5.978361017607628,12.0,Baseline,11.0,11
-7.785544938527805,12.0,Baseline,11.0,11
1.8232920709376903,12.0,Baseline,11.0,11
0.4872152540140941,12.0,Baseline,12.0,12
0.0798721905842866,12.0,Baseline,12.0,12
-5.162480097933644,12.0,Baseline,12.0,12
4.112756536459217,12.0,Baseline,12.0,12
0.6454831692280861,12.0,Baseline,12.0,12
-1.6003991443159449,12.0,Baseline,12.0,12
-1.016628070445713,12.0,Baseline,13.0,13
-1.5503425336051695,12.0,Baseline,13.0,13
3.6516292813703344,12.0,Baseline,13.0,13
0.4413923294912443,12.0,Baseline,13.0,13
0.1303458295685023,12.0,Baseline,13.0,13
-4.018707080371689,12.0,Baseline,13.0,13
1.8434253239876623,12.0,Baseline,14.0,14
-0.0550979020122026,12.0,Baseline,14.0,14
-2.4362765287850823,12.0,Baseline,14.0,14
1.200560509541009,12.0,Baseline,14.0,14
-1.880743877635524,12.0,Baseline,14.0,14
0.3914894804716456,12.0,Baseline,14.0,14
-0.6788198983553543,12.0,Baseline,15.0,15
-0.8908265879776065,12.0,Baseline,15.0,15
-0.0135195418849701,12.0,Baseline,15.0,15
1.6664689369676309,12.0,Baseline,15.0,15
0.2110382232463647,12.0,Baseline,15.0,15
0.2015499675930617,12.0,Baseline,15.0,15
-0.9688973516186028,12.0,Baseline,16.0,16
-3.9257145222178274,12.0,Baseline,16.0,16
0.6973117298969346,12.0,Baseline,16.0,16
0.250526354271386,12.0,Baseline,16.0,16
1.9241775093711933,12.0,Baseline,16.0,16
0.3616691384889182,12.0,Baseline,16.0,16
-0.9440904820761418,12.0,Baseline,17.0,17
-0.7036285280433586,12.0,Baseline,17.0,17
1.316340378609971,12.0,Baseline,17.0,17
1.08160469303324,12.0,Baseline,17.0,17
-0.1488491138202101,12.0,Baseline,17.0,17
-0.0263763303731873,12.0,Baseline,17.0,17
0.1611689862579363,12.0,Baseline,18.0,18
-0.0911203072715248,12.0,Baseline,18.0,18
0.2263163520729292,12.0,Baseline,18.0,18
-0.395237458344561,12.0,Baseline,18.0,18
3.4330160054305683,12.0,Baseline,18.0,18
-0.7713371788129059,12.0,Baseline,18.0,18
-0.5821762870995661,12.0,Baseline,19.0,19
0.2100848379742839,12.0,Baseline,19.0,19
4.537654444710004,12.0,Baseline,19.0,19
0.8402093436490363,12.0,Baseline,19.0,19
4.114597358423935,12.0,Baseline,19.0,19
1.1715132361155969,12.0,Baseline,19.0,19
2.3553167219942632,12.0,Baseline,20.0,20
1.0469983532825455,12.0,Baseline,20.0,20
0.5741646474345253,12.0,Baseline,20.0,20
0.0157652269607797,12.0,Baseline,20.0,20
0.0554137652350167,12.0,Baseline,20.0,20
2.184934076984345,12.0,Baseline,20.0,20
-0.65731174113019,12.0,Baseline,21.0,21
-0.3708801581481811,12.0,Baseline,21.0,21
0.5831862342257674,12.0,Baseline,21.0,21
-0.1154276830710416,12.0,Baseline,21.0,21
-0.2794654415513359,12.0,Baseline,21.0,21
-0.8329654808553468,12.0,Baseline,21.0,21
0.2298611710576135,12.0,Baseline,22.0,22
0.1890305055192023,12.0,Baseline,22.0,22
2.449868767328644,12.0,Baseline,22.0,22
-0.6336480672815763,12.0,Baseline,22.0,22
0.7387316464184522,12.0,Baseline,22.0,22
-2.475154624501416,12.0,Baseline,22.0,22
-0.1224330684826784,12.0,Baseline,23.0,23
-0.3330404029592574,12.0,Baseline,23.0,23
-0.1159135496443887,12.0,Baseline,23.0,23
-0.0387592132334189,12.0,Baseline,23.0,23
1.2600947332859471,12.0,Baseline,23.0,23
0.1765361702117855,12.0,Baseline,23.0,23
-1.66964124307906,12.0,Baseline,24.0,24
-0.4008561561579229,12.0,Baseline,24.0,24
-0.3382126494560655,12.0,Baseline,24.0,24
0.3666180870887367,12.0,Baseline,24.0,24
0.085195953119794,12.0,Baseline,24.0,24
0.4414981184580822,12.0,Baseline,24.0,24
-2.145269007289842,12.0,Baseline,25.0,25
2.015561351005343,12.0,Baseline,25.0,25
-0.1797460161435535,12.0,Baseline,25.0,25
2.2599136136142546,12.0,Baseline,25.0,25
0.0475460580377036,12.0,Baseline,25.0,25
0.3327629435565484,12.0,Rotation,1.0,26
2.156840980362516,12.0,Rotation,1.0,26
-0.4210135147707108,12.0,Rotation,1.0,26
4.59936120543076,12.0,Rotation,1.0,26
0.1431435413698254,12.0,Rotation,1.0,26
3.583370889534091,12.0,Rotation,1.0,26
-0.3199470999884343,12.0,Rotation,2.0,27
1.6383882356192156,12.0,Rotation,2.0,27
-5.9473675889299855,12.0,Rotation,2.0,27
0.1970560940219087,12.0,Rotation,2.0,27
-0.1854697530830225,12.0,Rotation,2.0,27
-1.5794531138179788,12.0,Rotation,2.0,27
-1.8635616798452872,12.0,Rotation,3.0,28
0.8810609973983886,12.0,Rotation,3.0,28
-0.313271482618685,12.0,Rotation,3.0,28
1.4113609251959012,12.0,Rotation,3.0,28
1.1500616167128053,12.0,Rotation,3.0,28
0.2388021419175348,12.0,Rotation,3.0,28
-1.110490061720445,12.0,Rotation,4.0,29
4.504943985631489,12.0,Rotation,4.0,29
-1.9712957960565607,12.0,Rotation,4.0,29
-0.7072724318013375,12.0,Rotation,4.0,29
-1.4344921256503411,12.0,Rotation,4.0,29
-0.0900205160710674,12.0,Rotation,4.0,29
-0.2183206705771545,12.0,Rotation,5.0,30
0.4084897228040997,12.0,Rotation,5.0,30
0.0907482871569504,12.0,Rotation,5.0,30
2.094171884683829,12.0,Rotation,5.0,30
0.156167421450672,12.0,Rotation,5.0,30
-0.074445353549656,12.0,Rotation,5.0,30
-0.2142092295227457,12.0,Rotation,6.0,31
1.0622414425977826,12.0,Rotation,6.0,31
0.005678047122469,12.0,Rotation,6.0,31
-0.7506448771776577,12.0,Rotation,6.0,31
1.0574628089405125,12.0,Rotation,6.0,31
2.0888674935995164,12.0,Rotation,6.0,31
-0.2111006756444679,12.0,Rotation,7.0,32
-2.3096628193690423,12.0,Rotation,7.0,32
-2.0576958275522514,12.0,Rotation,7.0,32
0.0189883523148808,12.0,Rotation,7.0,32
-1.8760758789724088,12.0,Rotation,7.0,32
5.818422907315727,12.0,Rotation,7.0,32
-0.700157193632229,12.0,Rotation,8.0,33
-9.24058873868568,12.0,Rotation,8.0,33
6.008452868138365,12.0,Rotation,8.0,33
-2.0893799890907045,12.0,Rotation,8.0,33
0.3753775612821893,12.0,Rotation,8.0,33
-8.47197279154021,12.0,Rotation,8.0,33
5.819717215276193,12.0,Rotation,9.0,34
-4.771926049423256,12.0,Rotation,9.0,34
-0.4638821126412474,12.0,Rotation,9.0,34
0.9351388511932872,12.0,Rotation,9.0,34
0.8842843453387452,12.0,Rotation,9.0,34
4.000514154286108,12.0,Rotation,9.0,34
1.489810028167531,12.0,Rotation,10.0,35
-4.483373119782329,12.0,Rotation,10.0,35
-6.9206163125290505,12.0,Rotation,10.0,35
4.006756285191118,12.0,Rotation,10.0,35
-3.252447058446023,12.0,Rotation,10.0,35
-1.038599500407886,12.0,Rotation,10.0,35
-0.2925599695375323,12.0,Rotation,11.0,36
-0.5480130717802982,12.0,Rotation,11.0,36
0.6378731931927947,12.0,Rotation,11.0,36
-5.2429865490413885,12.0,Rotation,11.0,36
2.37131134394286,12.0,Rotation,11.0,36
0.0688295159353612,12.0,Rotation,11.0,36
-7.249545235986242,12.0,Rotation,12.0,37
-8.90507234132225,12.0,Rotation,12.0,37
1.2959323199505186,12.0,Rotation,12.0,37
3.9916192647738655,12.0,Rotation,12.0,37
-4.171195050199154,12.0,Rotation,12.0,37
0.774949720017219,12.0,Rotation,12.0,37
-0.5809938910817699,12.0,Rotation,13.0,38
-8.409384356444209,12.0,Rotation,13.0,38
-0.2743441488117532,12.0,Rotation,13.0,38
3.1266292334503403,12.0,Rotation,13.0,38
-0.0073549970656052,12.0,Rotation,13.0,38
0.3198161718086803,12.0,Rotation,13.0,38
-0.3935454877660689,12.0,Rotation,14.0,39
3.040347340643551,12.0,Rotation,14.0,39
-0.1752673895130072,12.0,Rotation,14.0,39
-5.482359671924322,12.0,Rotation,14.0,39
1.5504070109334271,12.0,Rotation,14.0,39
-5.454538294911973,12.0,Rotation,14.0,39
-4.232390917582846,12.0,Rotation,15.0,40
-0.5909731166947114,12.0,Rotation,15.0,40
-0.556426964692797,12.0,Rotation,15.0,40
1.646252984543482,12.0,Rotation,15.0,40
0.4175236456357536,12.0,Rotation,15.0,40
-1.2113605230860502,12.0,Rotation,15.0,40
-2.479156649470222,12.0,Washout,1.0,41
4.584429424061132,12.0,Washout,1.0,41
-1.0650361181136512,12.0,Washout,1.0,41
-0.263862166984598,12.0,Washout,1.0,41
-1.7035852062339294,12.0,Washout,1.0,41
-3.0840618597857223,12.0,Washout,1.0,41
-0.6500950440623664,12.0,Washout,2.0,42
-0.5834030252143975,12.0,Washout,2.0,42
-4.447769914625899,12.0,Washout,2.0,42
-0.3457330159264701,12.0,Washout,2.0,42
-3.832270185366011,12.0,Washout,2.0,42
0.446219955850992,12.0,Washout,2.0,42
-6.146387756224312,12.0,Washout,3.0,43
-0.3499522491462445,12.0,Washout,3.0,43
-2.650599242959768,12.0,Washout,3.0,43
2.141799304275041,12.0,Washout,3.0,43
-0.4122423634036558,12.0,Washout,3.0,43
-1.426892816811422,12.0,Washout,3.0,43
-1.4140035815638103,12.0,Washout,4.0,44
-1.0986450446580285,12.0,Washout,4.0,44
-3.402806210260602,12.0,Washout,4.0,44
-2.493099359260305,12.0,Washout,4.0,44
-0.273780513975915,12.0,Washout,4.0,44
-0.3577022044969398,12.0,Washout,4.0,44
0.2030287105593007,12.0,Washout,5.0,45
-0.2546505961469231,12.0,Washout,5.0,45
-1.9894425334012464,12.0,Washout,5.0,45
-0.1899620655581245,12.0,Washout,5.0,45
-0.0478919905763976,12.0,Washout,5.0,45
-0.3815319754230473,12.0,Washout,5.0,45
-0.1446958042666689,12.0,Washout,6.0,46
-0.262583744982583,12.0,Washout,6.0,46
-3.0279104876352263,12.0,Washout,6.0,46
-1.5468721199208957,12.0,Washout,6.0,46
-0.24390646863264,12.0,Washout,6.0,46
-3.929196114825603,12.0,Washout,6.0,46
-0.1273480295051826,12.0,Washout,7.0,47
1.247550611231407,12.0,Washout,7.0,47
-0.490908480320296,12.0,Washout,7.0,47
-2.825550108069673,12.0,Washout,7.0,47
0.1413974143946205,12.0,Washout,7.0,47
-0.0855627725063201,12.0,Washout,7.0,47
-5.705960074476333,12.0,Washout,8.0,48
-0.6281004602321638,12.0,Washout,8.0,48
-6.073134257616246,12.0,Washout,8.0,48
-2.334808365379624,12.0,Washout,8.0,48
-0.6151763242735804,12.0,Washout,8.0,48
-0.214025991264125,12.0,Washout,8.0,48
-0.6467107082412745,12.0,Washout,9.0,49
-1.664424166015457,12.0,Washout,9.0,49
-4.809527697558642,12.0,Washout,9.0,49
-6.130722319438738,12.0,Washout,9.0,49
-0.5425371006936512,12.0,Washout,9.0,49
-0.272115890373879,12.0,Washout,9.0,49
-0.5199277151735882,12.0,Washout,10.0,50
-0.4157303935157957,12.0,Washout,10.0,50
-0.2617564245558837,12.0,Washout,10.0,50
-0.5115937237148167,12.0,Washout,10.0,50
6.413348702089938,12.0,Washout,10.0,50
8.191755435274802,12.0,Washout,10.0,50
2.676990965017767,12.0,ReRotation,1.0,51
5.435051258088068,12.0,ReRotation,1.0,51
1.629347647030153,12.0,ReRotation,1.0,51
2.107909264341061,12.0,ReRotation,1.0,51
3.2538851205051453,12.0,ReRotation,1.0,51
-6.831416931246628,12.0,ReRotation,1.0,51
2.815644169152666,14.0,Baseline,1.0,1
-0.4553294995159597,14.0,Baseline,1.0,1
5.063907528130198,14.0,Baseline,1.0,1
-0.1680427592475055,14.0,Baseline,1.0,1
0.8322251554640511,14.0,Baseline,1.0,1
-0.3387540696230392,14.0,Baseline,1.0,1
-0.4876113936094869,14.0,Baseline,2.0,2
-7.804032430612287,14.0,Baseline,2.0,2
0.3947554568818195,14.0,Baseline,2.0,2
-7.020278493176454,14.0,Baseline,2.0,2
-6.160201209151518,14.0,Baseline,2.0,2
-8.018143987962214,14.0,Baseline,2.0,2
-2.53540640925005,14.0,Baseline,3.0,3
3.2898364204515844,14.0,Baseline,3.0,3
-0.7165722843581726,14.0,Baseline,3.0,3
0.1016356002403497,14.0,Baseline,3.0,3
-3.364273146585456,14.0,Baseline,3.0,3
-5.22436974839247,14.0,Baseline,3.0,3
-9.509729037622286,14.0,Baseline,4.0,4
-8.753696879238268,14.0,Baseline,4.0,4
2.094177799690744,14.0,Baseline,4.0,4
-4.025758801020306,14.0,Baseline,4.0,4
4.266001122067369,14.0,Baseline,4.0,4
-2.923396419230171,14.0,Baseline,4.0,4
-5.4199363527368085,14.0,Baseline,5.0,5
-6.973904974108383,14.0,Baseline,5.0,5
4.849558469811446,14.0,Baseline,5.0,5
-0.5386661473718743,14.0,Baseline,5.0,5
3.3420221831030528,14.0,Baseline,5.0,5
-0.253448993676384,14.0,Baseline,5.0,5
-0.8161852215094896,14.0,Baseline,6.0,6
-3.318649067585721,14.0,Baseline,6.0,6
-0.417434509111881,14.0,Baseline,6.0,6
-0.7395574468758185,14.0,Baseline,6.0,6
4.038887335704797,14.0,Baseline,6.0,6
-0.7651298586586825,14.0,Baseline,6.0,6
-0.4150914265646112,14.0,Baseline,7.0,7
-2.7400000218256526,14.0,Baseline,7.0,7
-9.703384092555934,14.0,Baseline,7.0,7
-0.0939609917575785,14.0,Baseline,7.0,7
-0.6776705737814914,14.0,Baseline,7.0,7
-2.676635759356136,14.0,Baseline,7.0,7
-0.2821839295467197,14.0,Baseline,8.0,8
-1.830927347194501,14.0,Baseline,8.0,8
0.4930833951749134,14.0,Baseline,8.0,8
-1.7592077793242162,14.0,Baseline,8.0,8
-0.981594487250636,14.0,Baseline,8.0,8
0.0874043230779126,14.0,Baseline,8.0,8
-4.085896382483043,14.0,Baseline,9.0,9
-2.626237281854129,14.0,Baseline,9.0,9
-0.2371016099377589,14.0,Baseline,9.0,9
0.6141083534662836,14.0,Baseline,9.0,9
-7.767041052526221,14.0,Baseline,9.0,9
2.162514891350824,14.0,Baseline,9.0,9
-0.1090310351622099,14.0,Baseline,10.0,10
-12.705557377480774,14.0,Baseline,10.0,10
3.0475257409716354,14.0,Baseline,10.0,10
-0.1370555208924098,14.0,Baseline,10.0,10
-0.8912172050037187,14.0,Baseline,10.0,10
4.578003871328962,14.0,Baseline,10.0,10
-1.2497209744008622,14.0,Baseline,11.0,11
-1.0405107374337406,14.0,Baseline,11.0,11
-1.4880646075951904,14.0,Baseline,11.0,11
-4.130780810359886,14.0,Baseline,11.0,11
3.1807524730546843,14.0,Baseline,11.0,11
-3.145477716717493,14.0,Baseline,11.0,11
3.9219696995421,14.0,Baseline,12.0,12
-4.85903236859039,14.0,Baseline,12.0,12
-0.4514723906060328,14.0,Baseline,12.0,12
-2.233305547528952,14.0,Baseline,12.0,12
-0.3656923207707556,14.0,Baseline,12.0,12
-3.8337795863599977,14.0,Baseline,12.0,12
2.778482612672358,14.0,Baseline,13.0,13
1.381198415397487,14.0,Baseline,13.0,13
-5.045655031910185,14.0,Baseline,13.0,13
2.383878464717384,14.0,Baseline,13.0,13
-0.0133508529728213,14.0,Baseline,13.0,13
0.6381634140067199,14.0,Baseline,13.0,13
-0.3722760762362058,14.0,Baseline,14.0,14
0.6851714749116051,14.0,Baseline,14.0,14
0.1126625861106392,14.0,Baseline,14.0,14
-0.2931944509544258,14.0,Baseline,14.0,14
-0.2013713289941978,14.0,Baseline,14.0,14
-1.2839474090598093,14.0,Baseline,14.0,14
-0.2629774126288189,14.0,Baseline,15.0,15
-0.3561149500334256,14.0,Baseline,15.0,15
-2.8254877152535105,14.0,Baseline,15.0,15
-0.2893795711292867,14.0,Baseline,15.0,15
-0.3805269522680655,14.0,Baseline,15.0,15
-2.7523065229626127,14.0,Baseline,15.0,15
-0.2746213668758638,14.0,Baseline,16.0,16
0.0619651530557747,14.0,Baseline,16.0,16
-4.576362658003784,14.0,Baseline,16.0,16
-0.7208840915748016,14.0,Baseline,16.0,16
-0.2640085908669516,14.0,Baseline,16.0,16
-0.3261567707986422,14.0,Baseline,16.0,16
-0.108361976527894,14.0,Baseline,17.0,17
-0.1196490197486287,14.0,Baseline,17.0,17
-0.409518889987844,14.0,Baseline,17.0,17
0.3989969591276402,14.0,Baseline,17.0,17
4.75866257721898,14.0,Baseline,17.0,17
-0.0895227067564287,14.0,Rotation,1.0,18
-2.6708975146040976,14.0,Rotation,1.0,18
-5.130346966455489,14.0,Rotation,1.0,18
-0.0507906914710802,14.0,Rotation,1.0,18
-0.1031690486816064,14.0,Rotation,1.0,18
-0.7550774139296512,14.0,Rotation,1.0,18
-3.14742785196143,14.0,Rotation,2.0,19
-0.3130079694717765,14.0,Rotation,2.0,19
1.6348478555928248,14.0,Rotation,2.0,19
-5.779719664775411,14.0,Rotation,2.0,19
-0.2737671484427234,14.0,Rotation,2.0,19
-0.330308093042351,14.0,Rotation,2.0,19
-0.0581502112188622,14.0,Rotation,3.0,20
-5.311185238184978,14.0,Rotation,3.0,20
-4.663111321049852,14.0,Rotation,3.0,20
-0.0776168163805616,14.0,Rotation,3.0,20
-0.0591388837997049,14.0,Rotation,3.0,20
-3.473514814061181,14.0,Rotation,3.0,20
-0.6445001565356946,14.0,Rotation,4.0,21
-3.0688906612338416,14.0,Rotation,4.0,21
2.416567312198525,14.0,Rotation,4.0,21
-0.3580765494903747,14.0,Rotation,4.0,21
0.3225669174780892,14.0,Rotation,4.0,21
0.1655729462613215,14.0,Rotation,4.0,21
-0.1291254131981376,14.0,Rotation,5.0,22
-0.027603012974978,14.0,Rotation,5.0,22
-0.5214002684292253,14.0,Rotation,5.0,22
0.4727675917487926,14.0,Rotation,5.0,22
0.0950685384520551,14.0,Rotation,5.0,22
-0.1414858426538594,14.0,Rotation,5.0,22
-0.162216296425475,14.0,Rotation,6.0,23
-0.0984763292407428,14.0,Rotation,6.0,23
1.080519899854499,14.0,Rotation,6.0,23
-0.1707701853301443,14.0,Rotation,6.0,23
-0.0520618590228517,14.0,Rotation,6.0,23
-1.038772407009424,14.0,Rotation,6.0,23
-3.2697004913712373,14.0,Rotation,7.0,24
0.7127490273302457,14.0,Rotation,7.0,24
-2.510822625281173,14.0,Rotation,7.0,24
-0.0486801703545504,14.0,Rotation,7.0,24
0.68878535574583,14.0,Rotation,7.0,24
2.232548289681768,14.0,Rotation,7.0,24
1.9820784611121167,14.0,Rotation,8.0,25
2.336196864037568,14.0,Rotation,8.0,25
-0.1331397414939393,14.0,Rotation,8.0,25
-4.057725791218754,14.0,Rotation,8.0,25
-0.5698846161655146,14.0,Rotation,8.0,25
-5.279098105714339,14.0,Rotation,8.0,25
2.2211749119536583,14.0,Rotation,9.0,26
-0.9957345383180376,14.0,Rotation,9.0,26
-4.22286572379599,14.0,Rotation,9.0,26
-0.9041158294916446,14.0,Rotation,9.0,26
1.1151148897592222,14.0,Rotation,9.0,26
-1.2143816257601985,14.0,Rotation,9.0,26
-2.0075341081419515,14.0,Rotation,10.0,27
-1.642227625693684,14.0,Rotation,10.0,27
-0.0160183390380823,14.0,Rotation,10.0,27
-0.5146377031183981,14.0,Rotation,10.0,27
-0.1211452127843031,14.0,Rotation,10.0,27
0.1481556843003366,14.0,Rotation,10.0,27
-2.4702533568323988,14.0,Rotation,11.0,28
-2.230161017739656,14.0,Rotation,11.0,28
-5.7060366396411615,14.0,Rotation,11.0,28
-6.9191650583080015,14.0,Rotation,11.0,28
-0.4030545737403904,14.0,Rotation,11.0,28
-0.3416179720248344,14.0,Rotation,11.0,28
-0.5336627805776607,14.0,Rotation,12.0,29
-3.682752969918806,14.0,Rotation,12.0,29
-2.910617080970959,14.0,Rotation,12.0,29
5.139012780388014,14.0,Rotation,12.0,29
-0.512184798415059,14.0,Rotation,12.0,29
-0.06783404196594,14.0,Rotation,12.0,29
-0.1656022897894893,14.0,Rotation,13.0,30
-8.047506695350098,14.0,Rotation,13.0,30
-0.4079364704578165,14.0,Rotation,13.0,30
-5.646652007056068,14.0,Rotation,13.0,30
-0.116191466748183,14.0,Rotation,13.0,30
-1.2153258597831886,14.0,Rotation,13.0,30
0.0455318106365048,14.0,Rotation,14.0,31
5.898905820978301,14.0,Rotation,14.0,31
-2.584612383575114,14.0,Rotation,14.0,31
-0.242123054796214,14.0,Rotation,14.0,31
0.4885265386387637,14.0,Rotation,14.0,31
3.3269438370053206,14.0,Rotation,14.0,31
1.3921349252413786,14.0,Rotation,15.0,32
-0.1193257018088914,14.0,Rotation,15.0,32
-0.3203586400577939,14.0,Rotation,15.0,32
-0.0032474259178695,14.0,Rotation,15.0,32
-0.4585259542576567,14.0,Rotation,15.0,32
-0.4338196775039288,14.0,Rotation,15.0,32
-0.1978192042029157,14.0,Washout,1.0,33
-1.9385506729976087,14.0,Washout,1.0,33
-5.602741276608488,14.0,Washout,1.0,33
0.4078612653933828,14.0,Washout,1.0,33
-0.399444759188763,14.0,Washout,1.0,33
-0.3886186745157808,14.0,Washout,1.0,33
-0.7463137177513586,14.0,Washout,2.0,34
-0.3134885836366819,14.0,Washout,2.0,34
-1.6473136856232118,14.0,Washout,2.0,34
-0.2977781330676882,14.0,Washout,2.0,34
-0.8170679230075552,14.0,Washout,2.0,34
-1.5372741475602254,14.0,Washout,2.0,34
1.6932723313275029,14.0,Washout,3.0,35
-5.255500860404617,14.0,Washout,3.0,35
-3.5979540381125354,14.0,Washout,3.0,35
0.4500578131361296,14.0,Washout,3.0,35
-0.3917400235542817,14.0,Washout,3.0,35
-1.552453027112732,14.0,Washout,3.0,35
-5.357129783750004,14.0,Washout,4.0,36
0.8860655355938137,14.0,Washout,4.0,36
-0.3109419210715868,14.0,Washout,4.0,36
-0.2032369143018672,14.0,Washout,4.0,36
-0.3112336475152813,14.0,Washout,4.0,36
-0.1838759076207612,14.0,Washout,4.0,36
-0.2271635948222379,14.0,Washout,5.0,37
-0.1377209841935032,14.0,Washout,5.0,37
-0.2337343008954074,14.0,Washout,5.0,37
-0.2099085100812937,14.0,Washout,5.0,37
-0.2518124153451034,14.0,Washout,5.0,37
0.02092969506936,14.0,Washout,5.0,37
-0.3744423830415099,14.0,Washout,6.0,38
-0.1870783352105014,14.0,Washout,6.0,38
-0.2555725214467948,14.0,Washout,6.0,38
-0.5809056157322702,14.0,Washout,6.0,38
-0.2537119916596808,14.0,Washout,6.0,38
0.2966773653236558,14.0,Washout,6.0,38
-0.1946966379776669,14.0,Washout,7.0,39
1.2791698349154386,14.0,Washout,7.0,39
-0.1171816564581565,14.0,Washout,7.0,39
-0.2349323896826631,14.0,Washout,7.0,39
-0.1402424556351007,14.0,Washout,7.0,39
-0.2747872810520814,14.0,Washout,7.0,39
-0.1128068255370602,14.0,Washout,8.0,40
0.0423280112470052,14.0,Washout,8.0,40
0.4243092504794474,14.0,Washout,8.0,40
-0.6818063783257432,14.0,Washout,8.0,40
-0.2196559520319788,14.0,Washout,8.0,40
-0.1548230452149841,14.0,Washout,8.0,40
-2.644000861168157,14.0,Washout,9.0,41
-0.0858828797251382,14.0,Washout,9.0,41
-1.1974198818262425,14.0,Washout,9.0,41
-0.159073513489109,14.0,Washout,9.0,41
-0.2533990866649186,14.0,Washout,9.0,41
-0.1962762446040574,14.0,Washout,9.0,41
-0.1836075860285758,14.0,Washout,10.0,42
-0.2091911507454688,14.0,Washout,10.0,42
-0.3809031195599124,14.0,Washout,10.0,42
-0.1547915723391603,14.0,Washout,10.0,42
3.882954073628967,14.0,Washout,10.0,42
0.7374818631154229,14.0,Washout,10.0,42
1.7240945398023135,14.0,ReRotation,1.0,43
4.935939089343583,14.0,ReRotation,1.0,43
0.7402031824678265,14.0,ReRotation,1.0,43
5.035690842596004,14.0,ReRotation,1.0,43
