fish,stage,day,mean_y,median_y,mean_μ_μ_y,median_μ_μ_y,mean_μ_μ_hdi_3,median_μ_μ_hdi_3,mean_μ_μ_hdi_97,median_μ_μ_hdi_97,mean_μ_y,median_μ_y,mean_μ_hdi_3,median_μ_hdi_3,mean_μ_hdi_97,median_μ_hdi_97,mean_ppc_y,median_ppc_y,mean_ppc_hdi_3,median_ppc_hdi_3,mean_ppc_hdi_97,median_ppc_hdi_97,plotday
3.0,Baseline,1.0,1.285108326079107,1.1039269676053172,-0.5971666666666666,-0.584,-2.1863333333333332,-2.232,1.3048333333333335,1.437,0.2711666666666667,0.1735,-3.1635000000000004,-3.101,3.5863333333333336,3.5545,0.24683333333333335,0.1645,-6.441166666666667,-6.423,6.854500000000001,6.758,1
3.0,Baseline,2.0,-0.1654561415628161,0.16771992268182578,-0.6696666666666666,-0.663,-1.9221666666666666,-1.958,0.5743333333333334,0.644,-0.628,-0.424,-4.202166666666667,-3.51,2.8088333333333337,2.2755,-0.6350000000000001,-0.441,-8.431166666666668,-8.4855,6.808166666666666,6.0695,2
3.0,Baseline,3.0,-2.1204977514376853,-1.228781453648808,-0.7065,-0.703,-1.7023333333333335,-1.743,0.1955,0.226,-0.9725,-0.829,-3.951166666666667,-3.4955,1.6704999999999999,1.546,-0.9476666666666667,-0.7735,-7.664833333333333,-6.797499999999999,5.9615,5.7895,3
3.0,Baseline,4.0,-0.42391150588916177,-0.3802591394124692,-0.7254999999999999,-0.724,-1.476,-1.499,0.01683333333333333,0.043,-0.6441666666666667,-0.6005,-2.7741666666666664,-2.7794999999999996,1.5345000000000002,1.5645,-0.653,-0.5895,-6.509,-6.4765,4.937166666666666,5.0985,4
3.0,Baseline,5.0,-0.69608745575438,-0.3339217056320579,-0.7334999999999999,-0.733,-1.3445,-1.361,-0.13333333333333333,-0.114,-0.6803333333333333,-0.607,-2.7415000000000003,-2.5285,1.3496666666666666,1.2974999999999999,-0.6565,-0.5914999999999999,-6.869166666666666,-6.6915,5.2571666666666665,5.0765,5
3.0,Baseline,6.0,-2.40119366389512,-1.595171728876713,-0.7361666666666666,-0.736,-1.2486666666666666,-1.262,-0.23700000000000002,-0.23,-0.8223333333333334,-0.815,-2.8076666666666665,-2.7104999999999997,1.0,0.9415,-0.816,-0.814,-7.150166666666666,-6.9025,5.698,5.145,6
3.0,Baseline,7.0,-5.0627339449815265,-5.615062549103336,-0.7366666666666667,-0.737,-1.1773333333333333,-1.182,-0.2796666666666667,-0.272,-0.9991666666666666,-1.0945,-2.9021666666666666,-3.034,0.6846666666666666,0.634,-1.0078333333333334,-1.067,-8.211833333333333,-8.443000000000001,6.3135,6.2,7
3.0,Baseline,8.0,-0.5595341292972204,-0.9041823922115083,-0.7346666666666666,-0.735,-1.1501666666666666,-1.154,-0.3223333333333333,-0.318,-0.7371666666666666,-0.7415,-2.2253333333333334,-2.2279999999999998,0.8188333333333334,0.7965,-0.7356666666666666,-0.757,-6.840166666666666,-6.6445,5.438166666666667,5.467,8
3.0,Baseline,9.0,-1.087747027519304,-1.5923930242139308,-0.7324999999999999,-0.733,-1.1276666666666666,-1.131,-0.3455,-0.344,-0.7665000000000001,-0.8260000000000001,-2.1333333333333333,-2.0865,0.5763333333333334,0.479,-0.761,-0.8025,-6.302499999999999,-6.4475,4.998,4.965999999999999,9
3.0,Baseline,10.0,-2.7720763004341857,-2.0688410915314757,-0.7294999999999999,-0.73,-1.1101666666666665,-1.111,-0.35333333333333333,-0.353,-0.8538333333333333,-0.8534999999999999,-2.1906666666666665,-2.193,0.3466666666666667,0.366,-0.87,-0.857,-6.606333333333333,-6.2364999999999995,5.189166666666666,5.05,10
3.0,Baseline,11.0,-3.661437787471692,-1.5131983731284198,-0.7265,-0.727,-1.1035000000000001,-1.106,-0.3518333333333333,-0.355,-0.7451666666666666,-0.7565,-2.015166666666667,-1.9985,0.408,0.406,-0.7378333333333332,-0.7355,-8.033166666666666,-6.9085,6.266500000000001,5.21,11
3.0,Baseline,12.0,-0.9756352974054776,-0.7035875068139302,-0.7236666666666666,-0.724,-1.0926666666666667,-1.091,-0.3378333333333334,-0.336,-0.7386666666666667,-0.7204999999999999,-1.8390000000000002,-1.759,0.3618333333333333,0.348,-0.743,-0.7424999999999999,-6.138166666666667,-6.127000000000001,4.5275,4.4325,12
3.0,Baseline,13.0,-1.7447909762177571,-2.0547724057257,-0.7216666666666667,-0.722,-1.1013333333333333,-1.101,-0.3463333333333333,-0.347,-0.7606666666666667,-0.8115,-1.8775000000000002,-1.8864999999999998,0.2911666666666667,0.2565,-0.7788333333333334,-0.7765,-6.9695,-6.8695,5.448,5.496,13
3.0,Baseline,14.0,-1.8458597782737385,-0.8758922239400502,-0.7196666666666666,-0.72,-1.1039999999999999,-1.103,-0.3428333333333334,-0.343,-0.7463333333333333,-0.728,-1.8036666666666665,-1.788,0.26866666666666666,0.269,-0.7520000000000001,-0.7464999999999999,-6.398,-6.116,4.952,4.422000000000001,14
3.0,Baseline,15.0,-1.0617673093634437,-0.5534240114183082,-0.7176666666666667,-0.718,-1.109,-1.109,-0.3411666666666667,-0.342,-0.7253333333333334,-0.7025,-1.7449999999999999,-1.6909999999999998,0.2675,0.244,-0.7178333333333334,-0.673,-6.176833333333334,-6.148,4.943666666666666,4.8255,15
3.0,Baseline,16.0,-1.4919335523409278,-0.8079817530878658,-0.7156666666666666,-0.716,-1.1091666666666666,-1.109,-0.3358333333333334,-0.337,-0.7356666666666666,-0.722,-1.7220000000000002,-1.6635,0.23399999999999999,0.2225,-0.751,-0.716,-6.321833333333333,-5.952,4.968,4.682,16
3.0,Baseline,17.0,-0.1735231416554689,-0.19146133165717055,-0.7138333333333332,-0.714,-1.11,-1.11,-0.32983333333333337,-0.33,-0.682,-0.669,-1.6285,-1.6185,0.276,0.27749999999999997,-0.6970000000000001,-0.667,-6.243333333333333,-6.395,4.613166666666667,4.541,17
3.0,Baseline,18.0,-1.7208265033268086,-0.2563661490984422,-0.7126666666666667,-0.713,-1.111,-1.11,-0.3273333333333333,-0.329,-0.7096666666666667,-0.675,-1.6641666666666666,-1.605,0.24,0.2445,-0.7003333333333334,-0.7170000000000001,-6.550999999999999,-6.127000000000001,5.312,5.0105,18
3.0,Baseline,19.0,-0.6514133382145987,-0.5300195919446747,-0.7116666666666666,-0.712,-1.1113333333333333,-1.113,-0.321,-0.324,-0.7036666666666666,-0.695,-1.6471666666666664,-1.6235,0.19433333333333333,0.2105,-0.7126666666666667,-0.696,-5.815333333333332,-5.7245,4.3875,4.3629999999999995,19
3.0,Baseline,20.0,0.10234883525603282,-0.1721615517291909,-0.7106666666666666,-0.711,-1.1083333333333334,-1.108,-0.31433333333333335,-0.315,-0.6726666666666666,-0.6765000000000001,-1.6071666666666669,-1.604,0.20916666666666664,0.20950000000000002,-0.6795,-0.677,-5.937833333333334,-5.8785,4.71,4.6005,20
3.0,Baseline,21.0,-0.6859029164794155,-0.3619292023714108,-0.7096666666666667,-0.71,-1.1063333333333334,-1.109,-0.309,-0.313,-0.6961666666666666,-0.6815,-1.611,-1.6025,0.165,0.15949999999999998,-0.7118333333333333,-0.7144999999999999,-5.924833333333333,-5.975,4.601833333333333,4.5885,21
3.0,Baseline,22.0,-1.1184704133866827,-0.6034862817854711,-0.7086666666666667,-0.709,-1.1026666666666667,-1.101,-0.3016666666666667,-0.301,-0.715,-0.6925,-1.6433333333333333,-1.6070000000000002,0.17183333333333337,0.184,-0.7123333333333334,-0.725,-6.1241666666666665,-5.919499999999999,4.604333333333334,4.507,22
3.0,Baseline,23.0,-0.7782508459967609,-0.16987450809929736,-0.7079999999999999,-0.708,-1.1056666666666668,-1.106,-0.3016666666666667,-0.303,-0.6913333333333335,-0.677,-1.5936666666666666,-1.5525,0.20366666666666666,0.2275,-0.714,-0.697,-6.074333333333333,-5.855,4.7348333333333334,4.5344999999999995,23
3.0,Baseline,24.0,-0.18692154455852308,-0.00868787403269375,-0.7076666666666666,-0.708,-1.1066666666666667,-1.105,-0.3,-0.299,-0.6735000000000001,-0.6665000000000001,-1.5466666666666666,-1.5375,0.21416666666666664,0.2075,-0.681,-0.6685,-5.8475,-5.8405000000000005,4.536666666666666,4.5815,24
3.0,Baseline,25.0,-0.1401374128862759,-0.07797723957499235,-0.707,-0.707,-1.11,-1.11,-0.3,-0.3,-0.674,-0.6705000000000001,-1.5543333333333333,-1.5565,0.2085,0.1985,-0.6733333333333333,-0.6695,-5.880166666666667,-5.9225,4.5535,4.4719999999999995,25
3.0,Baseline,26.0,2.1545139616359337,0.0079567721026021,0.6082,-0.707,-0.2552000000000001,-1.11,1.502,-0.298,0.9144,-0.663,-0.7448,-1.481,2.7962000000000002,0.221,0.9410000000000001,-0.631,-4.8582,-5.45,6.6078,4.424,26
3.0,Rotation,1.0,2.328401662948027,2.635074024190642,2.3046666666666664,2.581,0.922,1.027,3.7063333333333333,4.202,2.291166666666667,2.004,-0.3126666666666667,-0.1495,4.951666666666667,4.928,2.2898333333333336,2.0065,-4.027666666666667,-3.8064999999999998,8.361666666666666,8.3505,27
3.0,Rotation,2.0,2.5133791889929844,2.1279381280505074,1.5733333333333333,1.752,0.617,0.712,2.457333333333333,2.715,1.7521666666666667,1.6,-0.2841666666666667,-0.315,3.783666666666667,3.604,1.7318333333333333,1.6015000000000001,-4.324166666666667,-4.426,7.1785,7.093500000000001,28
3.0,Rotation,3.0,0.5869094915333734,0.07327964365552835,1.0963333333333332,1.216,0.36000000000000004,0.427,1.7803333333333333,1.942,0.9993333333333333,0.9225,-0.7645,-0.8245,2.667666666666667,2.644,1.0031666666666668,0.9430000000000001,-4.592333333333333,-4.574,6.869833333333333,6.6945,29
3.0,Rotation,4.0,0.9527197433641694,0.0803531499095274,0.775,0.857,0.17900000000000002,0.226,1.3490000000000002,1.457,0.7641666666666667,0.7415,-0.6513333333333333,-0.6910000000000001,2.202,2.2065,0.7741666666666666,0.739,-4.547166666666667,-4.439,6.4655,6.3855,30
3.0,Rotation,5.0,0.8933745980246011,0.29993778516055497,0.5536666666666666,0.611,0.042666666666666665,0.085,1.0513333333333332,1.133,0.5366666666666666,0.5509999999999999,-0.6716666666666667,-0.656,1.7651666666666666,1.79,0.5356666666666666,0.556,-5.1883333333333335,-4.91,5.915166666666667,5.7705,31
3.0,Rotation,6.0,1.269910087794136,0.6622516957221893,0.39799999999999996,0.439,-0.07133333333333335,-0.042,0.8380000000000001,0.888,0.4306666666666667,0.40449999999999997,-0.6555,-0.6234999999999999,1.5536666666666665,1.4889999999999999,0.45849999999999996,0.39749999999999996,-5.4325,-5.209,6.077833333333333,5.8759999999999994,32
3.0,Rotation,7.0,0.2601808495133175,0.3312782009069454,0.28633333333333333,0.316,-0.15266666666666667,-0.13,0.7116666666666666,0.738,0.2823333333333333,0.2855,-0.7268333333333333,-0.734,1.2898333333333334,1.2850000000000001,0.29483333333333334,0.258,-4.857666666666667,-4.9445,5.520666666666667,5.4465,33
3.0,Rotation,8.0,0.11599021382131032,-0.0744186849972547,0.205,0.227,-0.218,-0.198,0.6413333333333333,0.659,0.1945,0.201,-0.7521666666666667,-0.749,1.1306666666666667,1.145,0.21133333333333335,0.20550000000000002,-4.826,-4.8395,5.292000000000001,5.3134999999999994,34
3.0,Rotation,9.0,0.5591984059687057,0.02776898746782905,0.145,0.161,-0.2853333333333334,-0.258,0.5870000000000001,0.606,0.15266666666666667,0.152,-0.7523333333333334,-0.733,1.0596666666666668,1.0545,0.19933333333333333,0.206,-5.0945,-4.817,5.4863333333333335,5.481,35
3.0,Rotation,10.0,-0.5022831548170935,0.06903364463607115,0.10066666666666667,0.113,-0.35366666666666663,-0.34,0.5463333333333334,0.549,0.08883333333333333,0.09,-0.8111666666666667,-0.7735000000000001,1.0281666666666667,1.0234999999999999,0.09383333333333332,0.08349999999999999,-5.559666666666666,-5.4475,5.6445,5.634,36
3.0,Rotation,11.0,-0.7177395207733883,0.7960564773339693,0.067,0.076,-0.38966666666666666,-0.381,0.5413333333333333,0.541,0.07316666666666667,0.1065,-0.8186666666666667,-0.7765,0.9863333333333334,0.9989999999999999,0.12816666666666668,0.13849999999999998,-6.140833333333333,-5.741,6.480833333333333,6.4015,37
3.0,Rotation,12.0,-0.1625223588248141,-0.023060030700191,0.041666666666666664,0.049,-0.424,-0.407,0.5346666666666667,0.542,0.0315,0.039,-0.8145000000000001,-0.806,0.9089999999999999,0.9075,0.027333333333333334,0.0565,-4.974666666666667,-4.933,5.2331666666666665,5.2515,38
3.0,Rotation,13.0,-1.554327595433348,-0.1777520461662182,0.021666666666666667,0.027,-0.465,-0.458,0.5216666666666666,0.52,-0.007,0.0005,-0.8823333333333334,-0.8554999999999999,0.8671666666666668,0.86,-0.03266666666666667,-0.014499999999999999,-5.668500000000001,-4.935499999999999,5.8205,5.319,39
3.0,Rotation,14.0,-0.6967454924780817,-0.19644284590609634,0.006999999999999999,0.011,-0.48699999999999993,-0.479,0.526,0.525,-0.009833333333333335,-0.0045000000000000005,-0.8690000000000001,-0.864,0.8371666666666666,0.8234999999999999,-0.02366666666666667,-0.0055,-5.402166666666666,-5.1285,5.398499999999999,5.173,40
3.0,Rotation,15.0,0.19101454966269638,0.26348691670766117,-0.004333333333333333,-0.001,-0.49733333333333335,-0.503,0.54,0.528,-0.0024999999999999974,0.0075,-0.8873333333333333,-0.832,0.8776666666666667,0.8885,0.004333333333333335,0.0365,-6.426166666666667,-6.111,6.339833333333334,6.4895,41
3.0,Rotation,16.0,0.1596584635032623,0.09241470835352966,-0.5823333333333334,-0.011,-1.4406666666666668,-0.486,0.31,0.564,-0.4403333333333333,-0.0405,-2.0348333333333333,-0.9105,1.1978333333333333,0.9564999999999999,-0.4451666666666667,-0.021,-6.108333333333333,-5.8385,5.4485,5.585,42
3.0,Washout,1.0,-3.9883359505602285,-3.5165032104211305,-1.6656666666666666,-1.725,-3.109666666666667,-3.35,-0.2846666666666667,-0.198,-2.4566666666666666,-2.4444999999999997,-5.779833333333333,-5.769,0.6981666666666667,0.595,-2.4451666666666667,-2.411,-8.960166666666668,-8.7195,4.5595,4.444,43
3.0,Washout,2.0,-0.6052642722328029,-0.2653908546077748,-1.5083333333333335,-1.547,-2.502666666666667,-2.629,-0.4916666666666667,-0.458,-1.2215,-1.08,-3.863,-3.7135,1.3419999999999999,1.4115,-1.2391666666666665,-1.081,-7.538166666666666,-7.3355,4.7363333333333335,4.6845,44
3.0,Washout,3.0,-0.14491043377003437,-0.22123351366960187,-1.4036666666666668,-1.431,-2.1813333333333333,-2.25,-0.5680000000000001,-0.559,-1.0405,-1.0419999999999998,-3.3775,-3.387,1.2186666666666668,1.1595,-1.0516666666666667,-1.0465,-6.890333333333333,-6.907500000000001,4.82,4.689500000000001,45
3.0,Washout,4.0,-1.0878202185551757,-1.013984883500123,-1.329,-1.349,-2.0103333333333335,-2.044,-0.5786666666666666,-0.586,-1.343,-1.264,-3.7118333333333333,-3.465,0.8876666666666667,0.8375,-1.3419999999999999,-1.264,-7.855333333333333,-7.6815,5.101666666666667,4.6975,46
3.0,Washout,5.0,-3.652877342438554,-2.8672921100772637,-1.274,-1.289,-1.9456666666666667,-1.943,-0.5636666666666666,-0.564,-1.5045,-1.6145,-3.7375000000000003,-3.614,0.5479999999999999,0.44899999999999995,-1.4885,-1.6065,-7.964666666666666,-7.2875,5.3755,4.783,47
3.0,Washout,6.0,-3.516855732370276,-2.4048091177937057,-1.2326666666666666,-1.244,-1.9456666666666667,-1.951,-0.5436666666666666,-0.563,-1.3625,-1.4525000000000001,-3.4358333333333335,-3.3575,0.62,0.4665,-1.3473333333333333,-1.4415,-7.875,-7.132,5.6930000000000005,5.0485,48
3.0,Washout,7.0,-0.014752856394636008,-0.3339702276167741,-1.2009999999999998,-1.21,-1.9203333333333334,-1.935,-0.4716666666666667,-0.505,-1.0445,-1.0154999999999998,-2.8346666666666667,-2.7515,0.836,0.771,-1.0301666666666667,-1.0315,-7.051833333333334,-6.7885,4.8555,4.477,49
3.0,Washout,8.0,-2.080483754357059,-1.7343709105086718,-1.176,-1.183,-1.8966666666666665,-1.891,-0.38966666666666666,-0.405,-1.2586666666666666,-1.255,-3.099833333333333,-2.9219999999999997,0.5021666666666667,0.504,-1.2790000000000001,-1.351,-7.145666666666666,-6.9295,4.757333333333333,4.9865,50
3.0,Washout,9.0,-2.7835005456572532,-2.601853212731991,-1.1566666666666665,-1.162,-1.9096666666666666,-1.908,-0.34600000000000003,-0.359,-1.3066666666666666,-1.359,-3.1826666666666665,-3.177,0.4515,0.398,-1.3285,-1.3744999999999998,-7.2956666666666665,-6.9415,5.0168333333333335,4.8420000000000005,51
3.0,Washout,10.0,0.004222721874229156,-0.39074843416437216,0.011333333333333417,-1.146,-1.0133333333333334,-1.913,1.0366666666666666,-0.32,-0.06433333333333328,-1.0114999999999998,-2.1103333333333336,-2.644,1.9969999999999999,0.553,-0.05183333333333332,-1.022,-5.856166666666667,-6.343500000000001,5.551166666666667,4.381500000000001,52
3.0,ReRotation,1.0,1.2299803942465737,0.5868652982652587,2.3213333333333335,2.326,0.9383333333333335,0.786,3.615,3.75,1.9021666666666668,1.662,-0.9870000000000001,-1.2425000000000002,4.798,4.5675,1.889,1.672,-4.094,-4.218,8.371333333333334,8.32,53
3.0,ReRotation,2.0,3.7067155029554235,3.598105833184773,2.3056666666666668,2.312,1.3123333333333334,1.243,3.282666666666667,3.345,2.6061666666666667,2.7335,0.007166666666666673,0.152,5.486166666666667,5.4745,2.5996666666666663,2.7145,-4.149166666666667,-4.076,8.997833333333332,8.747499999999999,54
3.0,ReRotation,3.0,1.712352853031721,1.016341979381791,2.2870000000000004,2.293,1.473,1.451,3.129,3.158,2.113,1.928,-0.23883333333333334,-0.328,4.492999999999999,4.213,2.112,1.9525,-3.921,-3.811,8.078166666666666,7.852,55
3.0,ReRotation,4.0,3.624775098227676,4.037720476404088,2.269,2.275,1.5030000000000001,1.517,3.0593333333333335,3.071,2.5018333333333334,2.7295,0.22383333333333333,0.41700000000000004,4.945166666666666,5.05,2.5050000000000003,2.7515,-3.829166666666667,-3.846,8.857666666666667,8.7835,56
3.0,ReRotation,5.0,2.8197116582494246,2.962538125561962,2.251666666666667,2.257,1.4456666666666667,1.475,3.0400000000000005,3.036,2.3818333333333332,2.4265,0.331,0.32299999999999995,4.44,4.4475,2.3893333333333335,2.4285,-3.3554999999999997,-3.4459999999999997,7.960166666666667,8.037500000000001,57
3.0,ReRotation,6.0,2.814265469979683,1.7137374697870504,2.236,2.241,1.3786666666666667,1.387,3.074666666666667,3.048,2.2428333333333335,2.1345,0.09316666666666668,0.14400000000000002,4.464666666666667,4.275,2.2575,2.135,-4.033833333333334,-3.9785000000000004,8.556166666666668,8.3325,58
3.0,ReRotation,7.0,2.909467094965122,1.9654976342609412,2.222,2.226,1.3193333333333335,1.362,3.1163333333333334,3.128,2.2561666666666667,2.1645,0.09666666666666666,0.2415,4.207333333333334,3.9524999999999997,2.2798333333333334,2.1795,-3.7408333333333332,-3.6235,8.479000000000001,8.181000000000001,59
3.0,ReRotation,8.0,2.8869316480971055,2.8273931493297564,1.708,2.214,0.5336666666666666,1.234,2.917,3.093,1.934,1.9474999999999998,-0.4366666666666667,-0.003500000000000003,4.348833333333332,4.2135,1.8856666666666666,1.9255,-4.512333333333333,-4.076,8.074166666666667,8.1765,60
7.0,Baseline,1.0,0.81413916429111,0.5927419898326589,0.5275,0.5275,-0.7479999999999999,-0.748,1.9714999999999998,1.9714999999999998,0.6181666666666668,0.4445,-1.8435,-1.8010000000000002,3.0803333333333334,2.9395,0.6446666666666666,0.5105,-5.083166666666667,-5.006,6.663833333333334,6.3475,1
7.0,Baseline,2.0,-0.7991186943172894,0.6880002771206176,0.2625,0.2625,-0.5725,-0.5725,1.1295,1.1295,0.2801666666666667,0.33699999999999997,-1.8021666666666667,-1.4794999999999998,2.348333333333333,2.424,0.25216666666666665,0.27899999999999997,-6.5231666666666674,-5.6235,6.670166666666667,6.343,2
7.0,Baseline,3.0,-0.713770168916026,-0.4472266295285107,0.106,0.10600000000000001,-0.51,-0.51,0.7444999999999999,0.7444999999999999,-0.0025,0.04,-1.6773333333333333,-1.64,1.6371666666666667,1.6,-0.014499999999999997,0.041,-5.677833333333333,-5.5915,5.725666666666666,5.651,3
7.0,Baseline,4.0,-0.13970391646435024,-0.1204808320711466,0.006999999999999999,0.006999999999999999,-0.503,-0.503,0.5495,0.5495,-0.045000000000000005,-0.0325,-1.4558333333333333,-1.3225,1.446,1.3885,-0.021833333333333333,-0.0045000000000000005,-5.954000000000001,-6.011,5.8995,5.5,4
7.0,Baseline,5.0,-2.257078428505597,-0.5720404012107273,-0.059,-0.059,-0.525,-0.525,0.4575,0.4575,-0.15166666666666667,-0.143,-1.4569999999999999,-1.389,1.1565,1.1395,-0.147,-0.1385,-6.060666666666666,-5.4305,6.1815,5.6235,5
7.0,Baseline,6.0,1.0961560121189216,1.1109290987461697,-0.1045,-0.1045,-0.5855,-0.5855,0.39149999999999996,0.39149999999999996,-0.012166666666666666,-0.019,-1.1563333333333334,-1.1435,1.2091666666666667,1.162,-0.05116666666666667,-0.015,-5.681166666666667,-5.6530000000000005,5.296166666666667,5.2675,6
7.0,Baseline,7.0,-1.1250154829276877,0.025443111235192103,-0.13649999999999998,-0.1365,-0.6485,-0.6485000000000001,0.34400000000000003,0.344,-0.1655,-0.127,-1.3285,-1.267,0.9176666666666667,0.9385,-0.16116666666666665,-0.139,-5.8755,-5.5945,5.558166666666668,5.1005,7
7.0,Baseline,8.0,0.025550854418829205,0.040104706558202,-0.16,-0.16,-0.6789999999999999,-0.679,0.3385,0.3385,-0.14383333333333334,-0.1375,-1.1913333333333334,-1.17,0.9066666666666666,0.917,-0.1366666666666667,-0.11,-5.231833333333333,-5.4345,5.191,5.2105,8
7.0,Baseline,9.0,-0.1560178146440775,-0.2622187894942071,-0.17700000000000002,-0.177,-0.691,-0.6910000000000001,0.3565,0.3565,-0.17800000000000002,-0.184,-1.2078333333333333,-1.2185000000000001,0.8931666666666667,0.8705,-0.1805,-0.174,-5.4415000000000004,-5.3635,5.173166666666667,5.0875,9
7.0,Baseline,10.0,-0.7842834462658562,-0.06444481316110065,-0.1895,-0.1895,-0.7044999999999999,-0.7044999999999999,0.3735,0.3735,-0.19599999999999998,-0.1845,-1.1898333333333333,-1.14,0.8131666666666667,0.797,-0.242,-0.21150000000000002,-5.805833333333333,-5.5065,5.121333333333333,4.891,10
7.0,Baseline,11.0,-0.4560478523384049,-0.203081753342225,-0.1995,-0.1995,-0.7235,-0.7235,0.383,0.383,-0.2125,-0.20400000000000001,-1.1811666666666667,-1.175,0.7948333333333334,0.8005,-0.215,-0.238,-5.559166666666667,-5.593,4.771833333333333,4.760999999999999,11
7.0,Baseline,12.0,0.4163757382579469,0.0428086415340767,0.19680000000000003,-0.204,-0.7384000000000001,-0.736,1.082,0.384,0.16699999999999998,-0.157,-1.6079999999999999,-1.211,1.9946000000000002,0.933,0.1826,-0.139,-5.627000000000001,-5.636,6.0018,5.977,12
7.0,Rotation,1.0,0.453235818666587,1.1189984895408571,0.7716666666666666,0.798,-0.6123333333333333,-0.742,2.001,2.129,0.7076666666666666,0.911,-2.2736666666666667,-2.0745,3.6153333333333335,3.7855,0.7243333333333334,0.9125,-5.6185,-5.4239999999999995,6.9750000000000005,6.8934999999999995,13
7.0,Rotation,2.0,0.4681841411029914,0.612558668443035,0.699,0.719,-0.2896666666666667,-0.353,1.6493333333333335,1.745,0.6781666666666667,0.7045,-2.068,-1.919,3.358166666666667,3.2785,0.6915,0.7444999999999999,-5.6643333333333326,-5.231999999999999,6.985499999999999,6.919499999999999,14
7.0,Rotation,3.0,-1.5990479127325885,-1.7759154642902093,0.6433333333333334,0.659,-0.11966666666666666,-0.163,1.4003333333333332,1.458,0.19316666666666668,0.0965,-2.326,-2.268,2.614333333333333,2.512,0.20283333333333334,0.152,-5.9585,-5.9285,6.6875,6.5305,15
7.0,Rotation,4.0,0.9820799461098706,1.7342329998306156,0.6,0.612,-0.017,-0.033,1.242,1.285,0.7336666666666667,0.8215,-1.3765,-1.1265,2.9631666666666665,2.883,0.7636666666666666,0.8705,-5.555666666666667,-5.284,6.7748333333333335,6.8135,16
7.0,Rotation,5.0,2.3108512831383585,2.9549748791394226,0.5663333333333332,0.576,0.01933333333333333,0.015,1.1346666666666667,1.156,0.8803333333333333,0.998,-1.2175,-1.094,3.0585,3.042,0.8861666666666667,0.994,-5.643,-5.263999999999999,7.644833333333334,7.5605,17
7.0,Rotation,6.0,0.33766300851172065,1.0677868942561912,0.5393333333333333,0.547,0.026,0.028,1.0773333333333335,1.092,0.5523333333333333,0.6365000000000001,-1.3278333333333332,-1.088,2.413666666666667,2.474,0.5479999999999999,0.643,-5.730333333333333,-5.4215,6.5953333333333335,6.539,18
7.0,Rotation,7.0,2.795573905841325,3.7306604961437904,0.5176666666666666,0.524,0.021,0.022,1.048,1.048,0.7268333333333333,0.881,-1.0431666666666668,-0.9725,2.6295,2.878,0.7633333333333333,0.901,-5.825,-5.724,7.107,7.234500000000001,19
7.0,Rotation,8.0,0.8046501128834901,1.2281438212930773,0.5,0.505,0.0026666666666666666,0.019,1.0403333333333333,1.048,0.574,0.6214999999999999,-1.0736666666666668,-0.9724999999999999,2.188833333333333,2.202,0.5565,0.5965,-5.397166666666666,-5.069,6.6080000000000005,6.681,20
7.0,Rotation,9.0,-1.3024309641237048,-0.5931821847840626,0.486,0.49,-0.046000000000000006,-0.03,1.0203333333333333,1.025,0.29833333333333334,0.318,-1.3166666666666667,-1.211,1.8396666666666668,1.8319999999999999,0.3268333333333333,0.3295,-5.521833333333333,-5.375500000000001,6.400833333333334,5.9555,21
7.0,Rotation,10.0,-0.05580496987553707,-0.03359776716730315,0.4746666666666666,0.478,-0.08666666666666667,-0.078,1.0119999999999998,1.011,0.4106666666666667,0.397,-1.0438333333333334,-1.0430000000000001,1.8983333333333334,1.8815,0.4041666666666666,0.367,-5.082833333333333,-5.0625,5.875166666666666,5.772,22
7.0,Rotation,11.0,0.16110669073252637,1.0020428981774692,0.465,0.468,-0.10899999999999999,-0.104,1.0196666666666667,1.014,0.5121666666666667,0.521,-0.968,-0.888,1.9974999999999998,1.9740000000000002,0.527,0.5695,-5.916833333333333,-5.3715,7.022333333333333,6.5375,23
7.0,Rotation,12.0,-0.488433497503623,-0.061948069921035395,0.4566666666666667,0.459,-0.12766666666666668,-0.119,1.0293333333333334,1.031,0.36716666666666664,0.3855,-1.0196666666666667,-0.9675,1.8153333333333332,1.8065000000000002,0.333,0.3385,-5.131833333333334,-4.991,5.960833333333333,5.6495,24
7.0,Rotation,13.0,2.4412536649514918,2.4189442982529794,0.4503333333333333,0.452,-0.15133333333333332,-0.145,1.0266666666666666,1.026,0.5806666666666667,0.6515,-0.8078333333333333,-0.79,2.053166666666667,2.166,0.5903333333333333,0.6779999999999999,-5.295333333333333,-4.906,6.572166666666667,6.237,25
7.0,Rotation,14.0,-0.26995997888706297,-0.1348157149671415,0.44533333333333336,0.447,-0.16866666666666666,-0.164,1.0303333333333333,1.028,0.363,0.367,-1.0213333333333334,-1.0175,1.6591666666666667,1.6575,0.381,0.40800000000000003,-5.1605,-5.0865,5.522833333333334,5.531000000000001,26
7.0,Rotation,15.0,-0.6448771995127506,-0.1063931075811076,0.11299999999999999,0.442,-0.733,-0.178,0.8883333333333333,1.035,-0.007166666666666673,0.3735,-1.7298333333333333,-1.0525,1.5578333333333332,1.568,-0.034666666666666686,0.28800000000000003,-5.639666666666667,-5.1195,5.532,5.536,27
7.0,Washout,1.0,-0.41217442668451926,-0.3199896804647876,-0.5273333333333333,-0.545,-1.6513333333333333,-1.843,0.511,0.595,-0.5038333333333334,-0.5035000000000001,-2.4956666666666667,-2.5675,1.4471666666666667,1.471,-0.5181666666666667,-0.497,-5.867999999999999,-5.883,5.0985000000000005,5.0255,28
7.0,Washout,2.0,-1.41564885753016,-0.26018100772218766,-0.48066666666666663,-0.492,-1.212,-1.268,0.25766666666666665,0.343,-0.5501666666666667,-0.434,-2.284333333333333,-2.2335,1.061,1.1,-0.5501666666666667,-0.455,-6.2185,-5.657,5.322,5.2245,29
7.0,Washout,3.0,0.00025711638146723334,-0.07282759298997225,-0.45,-0.458,-1.0483333333333333,-1.1,0.07833333333333332,0.087,-0.38866666666666666,-0.3905,-1.7806666666666668,-1.808,0.9366666666666666,0.9510000000000001,-0.37966666666666665,-0.39949999999999997,-5.475666666666666,-5.3805,4.922166666666667,4.87,30
7.0,Washout,4.0,0.419562397605929,0.003939549481618749,-0.428,-0.434,-0.9329999999999999,-0.945,0.06266666666666666,0.061,-0.35200000000000004,-0.3675,-1.6156666666666666,-1.6164999999999998,0.9066666666666667,0.885,-0.33899999999999997,-0.3535,-5.812,-5.6995000000000005,5.065666666666666,4.888,31
7.0,Washout,5.0,-1.0909704630000334,-0.2741423026397399,-0.4116666666666666,-0.416,-0.9156666666666666,-0.909,0.07133333333333335,0.066,-0.41950000000000004,-0.3965,-1.609,-1.585,0.7258333333333334,0.72,-0.41783333333333333,-0.424,-5.990333333333333,-5.761,5.107166666666667,4.692,32
7.0,Washout,6.0,-1.4216657882805521,-0.9101107616578551,-0.3993333333333333,-0.403,-0.9326666666666666,-0.929,0.09300000000000001,0.082,-0.42300000000000004,-0.4465,-1.5628333333333335,-1.5390000000000001,0.6936666666666667,0.675,-0.42783333333333334,-0.4155,-6.901666666666666,-6.82,5.883333333333333,5.8655,33
7.0,Washout,7.0,-1.4838382001815695,-1.389824215759953,-0.38933333333333336,-0.392,-0.9446666666666665,-0.94,0.12833333333333333,0.115,-0.4271666666666667,-0.45899999999999996,-1.5294999999999999,-1.568,0.6823333333333333,0.6905,-0.43,-0.433,-6.317833333333333,-6.1850000000000005,5.3305,5.0685,34
7.0,Washout,8.0,-1.0237159240268527,-0.9539380117058858,-0.38199999999999995,-0.384,-0.9506666666666667,-0.954,0.17833333333333334,0.155,-0.41816666666666663,-0.4215,-1.4915,-1.4889999999999999,0.5691666666666667,0.5635,-0.3835,-0.393,-5.539000000000001,-5.507,5.0633333333333335,4.9185,35
7.0,Washout,9.0,0.1644183004488022,0.038539897222314656,-0.37633333333333335,-0.378,-0.959,-0.944,0.22966666666666669,0.225,-0.34349999999999997,-0.345,-1.3395000000000001,-1.342,0.6739999999999999,0.679,-0.37666666666666665,-0.3765,-5.7573333333333325,-5.785,4.6353333333333335,4.660500000000001,36
7.0,Washout,10.0,0.7169406439339188,-0.10939309445028465,0.8106666666666666,-0.373,-0.12233333333333334,-0.989,1.7413333333333334,0.239,0.7343333333333334,-0.3555,-0.9078333333333334,-1.315,2.4871666666666665,0.679,0.7174999999999999,-0.3545,-4.8775,-5.4985,6.181333333333334,4.7395,37
7.0,ReRotation,1.0,4.291442138804956,4.148239599610445,3.0073333333333334,3.178,1.5946666666666667,1.611,4.429,4.746,3.4331666666666667,3.4000000000000004,0.42733333333333334,0.5449999999999999,6.774,6.6955,3.441333333333333,3.3804999999999996,-3.172833333333333,-3.1820000000000004,10.006833333333333,9.5145,38
7.0,ReRotation,2.0,3.1808334832557885,1.9554342209893747,2.5476666666666667,2.666,1.4943333333333335,1.562,3.6359999999999997,3.795,2.6323333333333334,2.425,-0.152,-0.123,5.511166666666667,5.075,2.627333333333333,2.447,-3.705,-3.5545,9.201666666666666,8.844000000000001,39
7.0,ReRotation,3.0,2.276754657934369,1.4698175372259081,2.2253333333333334,2.311,1.287,1.359,3.234,3.318,2.1911666666666667,2.0235,-0.1645,-0.2795,4.7555000000000005,4.487,2.2081666666666666,2.026,-3.8208333333333333,-3.946,8.445,8.0075,40
7.0,ReRotation,4.0,1.1868999207887991,0.4862420609374588,1.9906666666666666,2.054,1.028,1.143,2.982333333333333,3.066,1.7309999999999999,1.611,-0.5641666666666666,-0.6399999999999999,4.096,4.0065,1.7779999999999998,1.682,-4.200833333333333,-4.2475000000000005,7.886166666666667,7.6195,41
7.0,ReRotation,5.0,2.5534268881107316,3.1127250258847363,1.816,1.864,0.7226666666666667,0.798,2.7763333333333335,2.815,1.9443333333333335,2.0265,-0.22516666666666665,-0.033,4.130333333333334,4.183,1.9438333333333333,2.045,-4.117333333333334,-4.079000000000001,7.976166666666667,7.7615,42
7.0,ReRotation,6.0,0.9031068884177923,0.6409159380258759,0.9096666666666667,1.72,-0.3170000000000001,0.572,2.037,2.699,0.8966666666666666,1.4605000000000001,-1.5033333333333332,-0.5589999999999999,3.2840000000000003,3.4875,0.8756666666666667,1.3885,-5.6193333333333335,-4.6925,7.290166666666667,7.5794999999999995,43
9.0,Baseline,1.0,-0.6953026946134786,-0.549835778508488,-0.6296666666666667,-0.711,-1.8583333333333334,-2.095,0.6283333333333333,0.713,-0.648,-0.5325,-3.0109999999999997,-2.9505,1.655,1.694,-0.6563333333333333,-0.483,-6.477166666666666,-6.416,5.239666666666667,5.237,1
9.0,Baseline,2.0,-1.1985406843891147,-1.2829962733518185,-0.4163333333333334,-0.467,-1.2386666666666668,-1.385,0.42700000000000005,0.459,-0.4996666666666667,-0.531,-2.4235,-2.34,1.3336666666666668,1.2635,-0.49866666666666665,-0.5045,-6.245166666666666,-6.3985,5.4665,5.4795,2
9.0,Baseline,3.0,-0.4882160045032955,-0.28845345356720364,-0.2813333333333333,-0.315,-0.8733333333333334,-0.946,0.33466666666666667,0.363,-0.2753333333333333,-0.27749999999999997,-1.7605000000000002,-1.7415,1.1616666666666666,1.0465,-0.24550000000000002,-0.2585,-6.179333333333333,-6.257,5.466666666666666,5.128500000000001,3
9.0,Baseline,4.0,0.12536902327521351,-0.33563098858903717,-0.19133333333333333,-0.214,-0.6733333333333333,-0.728,0.269,0.278,-0.17700000000000002,-0.2025,-1.4160000000000001,-1.471,0.9893333333333333,0.918,-0.18500000000000003,-0.2145,-5.393833333333333,-5.4045,5.319333333333334,5.2325,4
9.0,Baseline,5.0,0.8462599727101807,0.5836426084006259,-0.12966666666666668,-0.146,-0.5266666666666666,-0.564,0.25166666666666665,0.251,-0.09833333333333333,-0.08,-1.1476666666666666,-1.1165,0.9468333333333333,0.9355,-0.06533333333333334,-0.0445,-6.004166666666666,-6.035,5.7075,5.2455,5
9.0,Baseline,6.0,0.1441365817314519,0.0310479380145742,-0.08566666666666667,-0.097,-0.4263333333333333,-0.452,0.25833333333333336,0.253,-0.06533333333333334,-0.058499999999999996,-0.9628333333333332,-0.9715,0.8071666666666667,0.768,-0.09766666666666667,-0.10350000000000001,-5.1115,-5.105,5.1098333333333334,5.0635,6
9.0,Baseline,7.0,-1.0626379420655419,-0.09921762849017735,-0.05433333333333334,-0.063,-0.36999999999999994,-0.375,0.26366666666666666,0.269,-0.074,-0.0545,-0.9053333333333334,-0.843,0.7138333333333332,0.7,-0.08383333333333333,-0.057,-5.870166666666667,-5.5024999999999995,5.655833333333334,5.2625,7
9.0,Baseline,8.0,-0.13277897084053358,-0.127698504527249,-0.027499999999999997,-0.027499999999999997,-0.33899999999999997,-0.33899999999999997,0.2655,0.2655,-0.030666666666666672,-0.029,-0.7811666666666667,-0.7404999999999999,0.707,0.69,-0.05383333333333334,-0.0565,-5.307166666666666,-5.077500000000001,5.467833333333334,5.481999999999999,8
9.0,Baseline,9.0,1.0467815519021977,0.4649466929327937,-0.011000000000000001,-0.011,-0.3135,-0.3135,0.2775,0.2775,0.007833333333333333,0.013999999999999999,-0.6920000000000001,-0.6835,0.7178333333333334,0.716,0.0026666666666666644,-0.009,-5.5905,-5.3205,5.4031666666666665,5.1195,9
9.0,Baseline,10.0,-0.7059755339211625,-0.2465879307721524,0.0015000000000000002,0.0015,-0.303,-0.303,0.28350000000000003,0.2835,-0.008666666666666666,-0.0035,-0.6843333333333333,-0.6535,0.6448333333333333,0.645,-0.023499999999999997,-0.015000000000000001,-5.968166666666666,-5.874499999999999,6.1415,5.8255,10
9.0,Baseline,11.0,0.8666928464595237,1.144587163690371,0.011000000000000001,0.011,-0.28750000000000003,-0.2875,0.302,0.302,0.024333333333333332,0.029500000000000002,-0.6416666666666667,-0.6325000000000001,0.6536666666666666,0.673,0.009,-0.017499999999999998,-6.356000000000001,-5.9245,6.759666666666667,5.835,11
9.0,Baseline,12.0,-1.020345515064056,-0.4220238384031838,0.0185,0.0185,-0.28750000000000003,-0.2875,0.3085,0.3085,0.004666666666666667,0.009000000000000001,-0.594,-0.587,0.6685,0.6635,-0.0005000000000000003,-0.0019999999999999996,-5.451666666666667,-5.1675,5.527833333333334,5.2395,12
9.0,Baseline,13.0,-0.7733751044975805,-0.3115241758593858,0.024499999999999997,0.0245,-0.29,-0.29,0.312,0.312,0.010833333333333334,0.01,-0.5908333333333333,-0.589,0.6191666666666666,0.616,0.036,0.041999999999999996,-5.290833333333333,-5.147,5.242666666666667,4.955,13
9.0,Baseline,14.0,0.745136246236816,0.20264525186846283,0.028999999999999998,0.028999999999999998,-0.284,-0.284,0.322,0.322,0.036833333333333336,0.0305,-0.5625,-0.5700000000000001,0.6549999999999999,0.6719999999999999,0.05433333333333334,0.051500000000000004,-5.211166666666666,-5.0545,5.5075,5.2865,14
9.0,Baseline,15.0,0.27241285767781637,-0.1627781623027694,0.033,0.034,-0.2836666666666667,-0.283,0.32833333333333337,0.331,0.03166666666666667,0.027,-0.5596666666666666,-0.5545,0.629,0.6205,0.015333333333333336,0.0195,-5.092833333333333,-4.9375,5.424666666666667,5.356,15
9.0,Baseline,16.0,-0.15807310162325675,-0.1460032837114345,0.035333333333333335,0.036,-0.2783333333333333,-0.276,0.3383333333333334,0.342,0.02916666666666667,0.0295,-0.5506666666666667,-0.554,0.6138333333333333,0.6185,0.012833333333333334,0.0325,-4.997833333333333,-5.0120000000000005,4.996666666666667,5.0024999999999995,16
9.0,Baseline,17.0,1.9008093844906637,0.595763040758963,0.03733333333333333,0.038,-0.276,-0.276,0.3453333333333333,0.347,0.04916666666666667,0.0445,-0.5393333333333333,-0.537,0.6448333333333333,0.654,0.08033333333333333,0.057999999999999996,-5.834500000000001,-5.184,6.2476666666666665,5.494,17
9.0,Baseline,18.0,0.8026583879598098,-0.1634746765753275,0.03933333333333333,0.04,-0.27666666666666667,-0.277,0.349,0.35,0.03933333333333334,0.034,-0.5408333333333334,-0.5375000000000001,0.6335000000000001,0.622,0.006999999999999999,0.0075,-5.565666666666666,-5.025,5.474666666666667,5.059,18
9.0,Baseline,19.0,1.4211063605146963,0.28320837965716295,0.04066666666666666,0.041,-0.2776666666666667,-0.278,0.35200000000000004,0.353,0.049499999999999995,0.05,-0.5095,-0.504,0.642,0.6415,0.07066666666666667,0.069,-5.553999999999999,-5.058999999999999,5.6555,5.031,19
9.0,Baseline,20.0,-0.2942070268590721,-0.04206084050897385,0.041666666666666664,0.042,-0.2813333333333333,-0.283,0.351,0.35,0.036166666666666666,0.0395,-0.5436666666666666,-0.5445,0.604,0.607,0.03183333333333333,0.040999999999999995,-5.183166666666667,-5.154999999999999,5.0713333333333335,4.891500000000001,20
9.0,Baseline,21.0,0.003054485663657347,-0.004160754974983791,0.042666666666666665,0.043,-0.2836666666666667,-0.284,0.35200000000000004,0.353,0.04066666666666666,0.038000000000000006,-0.5083333333333334,-0.509,0.6435,0.6415,0.049999999999999996,0.038,-4.8305,-4.816000000000001,5.094166666666667,5.1025,21
9.0,Baseline,22.0,-0.07389109984048192,-0.05222989967206711,0.043666666666666666,0.044,-0.2786666666666667,-0.276,0.36033333333333334,0.364,0.03966666666666666,0.0395,-0.5478333333333333,-0.544,0.6163333333333333,0.611,0.04733333333333334,0.041,-4.664666666666666,-4.683,5.270666666666666,5.218,22
9.0,Baseline,23.0,0.29600679625203274,0.0411773400652551,0.04466666666666667,0.045,-0.2753333333333334,-0.275,0.36599999999999994,0.367,0.04683333333333333,0.0435,-0.521,-0.5245,0.6483333333333333,0.6545000000000001,0.059166666666666666,0.0635,-4.905,-4.791,5.118666666666667,5.0120000000000005,23
9.0,Baseline,24.0,4.49525435480163,5.982127930544812,0.4583333333333333,0.665,-1.2936666666666665,-1.803,2.2023333333333333,3.12,3.3703333333333334,4.596,-0.4403333333333333,-0.516,6.654,9.029,3.3539999999999996,4.582,-3.604333333333333,-2.881,10.220666666666666,12.243,24
9.0,Rotation,1.0,1.7939222009725204,1.6083079590066123,0.4503333333333333,0.665,-1.748,-1.803,2.6790000000000003,3.12,1.4883333333333333,1.337,-3.1276666666666664,-3.299,5.901500000000001,5.7105,1.477,1.322,-6.134666666666667,-5.9725,8.600333333333333,8.7075,25
9.0,Rotation,2.0,-0.05413768359397345,-0.765697609845206,-0.13,0.021,-1.68,-1.638,1.4889999999999999,1.797,-0.05183333333333332,-0.5509999999999999,-4.5705,-4.9,4.431333333333333,3.748,-0.0685,-0.5800000000000001,-7.391666666666667,-7.773,7.643833333333333,6.699,26
9.0,Rotation,3.0,3.5091972107379377,3.9238691758350193,-0.541,-0.432,-1.7816666666666665,-1.764,0.7016666666666667,0.873,1.9948333333333332,2.3565,-2.7098333333333335,-2.179,6.695,6.5925,2.0055,2.3739999999999997,-6.038166666666666,-5.386,9.511666666666667,9.4285,27
9.0,Rotation,4.0,-1.051673867123066,-1.362544390146901,-0.8386666666666667,-0.759,-1.8526666666666667,-1.817,0.23399999999999999,0.359,-1.0123333333333333,-1.1560000000000001,-5.166666666666667,-5.0485,3.3155,3.1365,-1.0098333333333331,-1.1524999999999999,-8.381333333333332,-8.2255,6.059166666666666,5.663,28
9.0,Rotation,5.0,-4.017685028586145,-2.9076561151603775,-1.0576666666666668,-0.998,-1.9723333333333333,-1.924,-0.10266666666666668,-0.016,-2.673,-2.2104999999999997,-6.937833333333334,-6.192,1.7458333333333333,1.888,-2.6895000000000002,-2.2024999999999997,-10.041500000000001,-9.5465,4.836333333333333,4.7965,29
9.0,Rotation,6.0,-1.9920688370238284,-1.8568321178310212,-1.2220000000000002,-1.177,-2.0946666666666665,-2.069,-0.32433333333333336,-0.276,-1.6500000000000001,-1.608,-5.777666666666668,-5.313000000000001,2.5530000000000004,2.341,-1.6576666666666668,-1.6715,-8.998666666666667,-8.716000000000001,5.414333333333334,4.964,30
9.0,Rotation,7.0,-3.8025598238346894,-5.529588675314254,-1.3466666666666667,-1.312,-2.1866666666666665,-2.146,-0.4716666666666667,-0.421,-2.3951666666666664,-3.6365,-7.068166666666667,-7.659000000000001,2.120833333333333,0.7254999999999999,-2.358,-3.5570000000000004,-10.125166666666667,-10.561499999999999,6.067333333333333,4.915,31
9.0,Rotation,8.0,-4.7942238534085195,-3.513797026714027,-1.4423333333333332,-1.416,-2.2846666666666664,-2.268,-0.5913333333333334,-0.573,-2.930666666666667,-2.6625,-7.276833333333333,-6.6515,1.4971666666666668,1.388,-2.9128333333333334,-2.63,-10.212666666666665,-9.1645,5.030666666666667,4.7805,32
9.0,Rotation,9.0,0.9189422367610184,1.103816169086849,-1.516,-1.495,-2.3556666666666666,-2.318,-0.6636666666666667,-0.628,-0.24999999999999992,-0.006500000000000006,-4.734333333333333,-4.1129999999999995,3.7419999999999995,3.4435000000000002,-0.29683333333333334,-0.06499999999999999,-7.8885000000000005,-7.128,7.166833333333333,6.6235,33
9.0,Rotation,10.0,-3.9619265184038355,-3.8644405069364174,-1.574,-1.558,-2.438333333333333,-2.431,-0.7366666666666667,-0.735,-2.8446666666666665,-2.9115,-6.579166666666667,-6.4355,1.1638333333333333,0.9655,-2.823166666666667,-2.9115,-9.554666666666668,-9.498000000000001,4.556500000000001,4.3195,34
9.0,Rotation,11.0,-3.069362319256743,-3.393074652827718,-1.619,-1.606,-2.4856666666666665,-2.453,-0.7633333333333333,-0.74,-2.3511666666666664,-2.6425,-6.216166666666667,-6.079,1.4653333333333334,1.134,-2.3306666666666667,-2.6390000000000002,-9.297166666666667,-9.366,4.6075,4.015,35
9.0,Rotation,12.0,-1.958016627444045,-1.461230034608847,-1.6553333333333333,-1.645,-2.5583333333333336,-2.551,-0.81,-0.81,-1.8243333333333334,-1.5655000000000001,-5.472833333333334,-5.3415,1.6558333333333335,1.6705,-1.8235000000000001,-1.5745,-8.251666666666667,-8.0235,5.092666666666666,5.0965,36
9.0,Rotation,13.0,-1.2076372283085821,-0.5591155892229109,-1.6843333333333332,-1.676,-2.5980000000000003,-2.573,-0.824,-0.81,-1.4284999999999999,-1.0535,-5.111,-4.640499999999999,2.3030000000000004,2.4255,-1.4476666666666667,-1.0955,-8.432333333333334,-7.7725,5.488166666666667,5.586,37
9.0,Rotation,14.0,-0.9579184103565833,-1.8737830731917204,-1.7076666666666667,-1.701,-2.6633333333333336,-2.648,-0.86,-0.852,-1.5274999999999999,-1.8305,-5.5715,-5.594,2.563333333333333,1.6724999999999999,-1.5186666666666666,-1.8555000000000001,-8.959999999999999,-8.459,5.7651666666666666,4.641500000000001,38
9.0,Rotation,15.0,-2.929091768442106,-1.1668284449187851,-1.7263333333333335,-1.721,-2.6923333333333335,-2.694,-0.8690000000000001,-0.876,-2.2315,-1.3915000000000002,-6.044666666666667,-5.0875,1.4631666666666667,1.855,-2.214,-1.3555,-8.964333333333334,-7.923,4.947333333333333,4.869,39
9.0,Rotation,16.0,-0.05858848910372707,0.4573715575618238,-1.3718,-1.737,-2.5302,-2.689,-0.2102,-0.855,-0.6594,-0.569,-4.171200000000001,-4.44,2.594,2.672,-0.6119999999999999,-0.57,-7.4218,-7.579,6.0084,6.131,40
9.0,Washout,1.0,-1.9453322850380819,-1.6271967632818447,-0.761,-0.824,-2.0926666666666667,-2.292,0.5833333333333334,0.757,-1.0359999999999998,-1.0975,-3.500666666666667,-3.652,1.5188333333333333,1.4425,-1.0336666666666667,-1.1305,-7.052166666666667,-7.021,4.884333333333333,4.79,41
9.0,Washout,2.0,-1.5205544952587846,-0.8859669173917242,-0.5950000000000001,-0.635,-1.537,-1.694,0.219,0.236,-0.6996666666666668,-0.6685000000000001,-2.7624999999999997,-2.5865,1.4178333333333333,1.3275,-0.7040000000000001,-0.6915,-6.717833333333334,-6.531499999999999,5.440666666666666,5.136,42
9.0,Washout,3.0,0.9203474667043864,0.3630071344608781,-0.488,-0.515,-1.1613333333333333,-1.223,0.167,0.185,-0.282,-0.3315,-2.019,-1.9820000000000002,1.5051666666666668,1.3425,-0.27216666666666667,-0.3075,-6.104166666666667,-5.753,5.640333333333333,5.564,43
9.0,Washout,4.0,0.14186649923892702,-0.05181174410977065,-0.41533333333333333,-0.434,-1.0003333333333335,-1.038,0.14866666666666667,0.131,-0.34883333333333333,-0.347,-1.8733333333333333,-1.839,1.1298333333333332,1.0485,-0.32666666666666666,-0.335,-5.762166666666666,-5.702500000000001,5.091,5.041,44
9.0,Washout,5.0,-1.377881505433028,-0.2011725286896241,-0.3646666666666667,-0.378,-0.9083333333333333,-0.925,0.20266666666666666,0.184,-0.3993333333333333,-0.3435,-1.7886666666666666,-1.759,0.9581666666666666,0.939,-0.4096666666666667,-0.38,-6.209666666666667,-5.715,5.2975,4.9125,45
9.0,Washout,6.0,-0.8934476917340731,-0.49389863055983596,-0.328,-0.338,-0.8813333333333334,-0.875,0.252,0.24,-0.36066666666666664,-0.361,-1.6844999999999999,-1.596,0.9188333333333333,0.8905000000000001,-0.37833333333333335,-0.39149999999999996,-6.078,-5.6865000000000006,5.083666666666667,4.932,46
9.0,Washout,7.0,-0.08275617381336665,-0.1484497259842524,-0.301,-0.308,-0.8933333333333334,-0.894,0.29600000000000004,0.276,-0.2763333333333333,-0.276,-1.4951666666666668,-1.5215,0.9293333333333332,0.9025000000000001,-0.27666666666666667,-0.28700000000000003,-5.567,-5.5120000000000005,4.948333333333333,4.8919999999999995,47
9.0,Washout,8.0,-2.0788322992336306,-1.2634579466539078,-0.2813333333333333,-0.287,-0.891,-0.892,0.35566666666666674,0.336,-0.3515,-0.348,-1.6101666666666665,-1.5885,0.8375,0.8354999999999999,-0.3511666666666667,-0.3415,-6.415,-5.966,5.5889999999999995,5.1579999999999995,48
9.0,Washout,9.0,0.37643911707809624,0.21163136138020505,-0.266,-0.27,-0.8966666666666666,-0.889,0.40166666666666667,0.395,-0.20850000000000002,-0.20750000000000002,-1.414,-1.4165,0.9575,0.956,-0.19533333333333333,-0.186,-5.702500000000001,-5.6695,4.9303333333333335,4.842,49
9.0,Washout,10.0,-0.637666347028896,1.134456926476708,0.6796,-0.258,-0.2768,-0.912,1.655,0.415,0.5508,-0.137,-1.1676,-1.406,2.2368,1.044,0.5674,-0.068,-5.5888,-5.621,6.7634,6.928,50
9.0,ReRotation,1.0,4.04917536356037,2.2704503329358694,1.9156666666666666,2.086,0.6686666666666667,0.676,3.171,3.515,2.0416666666666665,2.0695,-0.3733333333333333,-0.28049999999999997,4.643833333333333,4.525,2.0323333333333333,2.0745,-4.9525,-4.807,8.8365,8.084,51
9.0,ReRotation,2.0,1.904460152731847,2.3622843725634546,1.4636666666666667,1.575,0.6303333333333333,0.654,2.291,2.483,1.5200000000000002,1.415,-0.24416666666666667,-0.161,3.2725000000000004,3.2295,1.5235,1.4215,-4.267666666666667,-4.401,6.914000000000001,6.843500000000001,52
9.0,ReRotation,3.0,2.687577937213128,1.3641791925736546,1.165,1.241,0.5466666666666666,0.583,1.7843333333333333,1.907,1.2291666666666667,1.1855,-0.1995,-0.1615,2.723333333333333,2.6635,1.2465,1.203,-4.667166666666667,-4.123,7.428999999999999,6.8895,53
9.0,ReRotation,4.0,0.4130263562998379,0.45065980970636593,0.96,1.013,0.4506666666666666,0.474,1.4669999999999999,1.539,0.8971666666666667,0.9315,-0.227,-0.2365,2.0835,2.1835,0.8786666666666667,0.9135,-4.215166666666667,-4.214499999999999,6.210999999999999,6.1765,54
9.0,ReRotation,5.0,1.1780828014634623,0.1820484208037874,0.8163333333333332,0.854,0.375,0.404,1.2616666666666667,1.323,0.8220000000000001,0.7915000000000001,-0.2185,-0.218,1.8636666666666668,1.8925,0.8278333333333333,0.7735000000000001,-4.732333333333333,-4.628,6.359000000000001,6.186999999999999,55
9.0,ReRotation,6.0,0.6350322758393462,0.5277434188969403,0.7133333333333334,0.741,0.294,0.317,1.1003333333333334,1.139,0.7043333333333334,0.7024999999999999,-0.1991666666666667,-0.20550000000000002,1.6311666666666669,1.658,0.7033333333333333,0.7,-4.551833333333334,-4.4185,5.6323333333333325,5.696,56
9.0,ReRotation,7.0,0.3112465826728766,0.22066087910935225,0.6376666666666667,0.658,0.2343333333333333,0.248,1.0053333333333334,1.023,0.6158333333333333,0.625,-0.20333333333333334,-0.216,1.473,1.4769999999999999,0.6343333333333333,0.644,-4.581833333333333,-4.515000000000001,5.815333333333334,5.823,57
9.0,ReRotation,8.0,1.7777172757782942,0.6750391638431097,0.5816666666666667,0.597,0.19266666666666665,0.207,0.957,0.97,0.6,0.6005,-0.19066666666666665,-0.196,1.4413333333333334,1.427,0.6366666666666667,0.643,-5.192833333333334,-4.678,6.092833333333334,5.593999999999999,58
9.0,ReRotation,9.0,1.1128655031831687,0.38586693048850984,0.5396666666666667,0.551,0.15966666666666665,0.164,0.932,0.931,0.545,0.5405,-0.215,-0.223,1.3238333333333332,1.3155000000000001,0.5363333333333333,0.5385,-4.871666666666667,-4.644,5.809166666666666,5.635,59
9.0,ReRotation,10.0,0.6804158180244975,0.7809253071707154,0.508,0.517,0.13733333333333334,0.151,0.9250000000000002,0.934,0.5151666666666667,0.5175000000000001,-0.20350000000000001,-0.199,1.2710000000000001,1.284,0.48933333333333334,0.4965,-4.7236666666666665,-4.7515,5.434333333333334,5.52,60
9.0,ReRotation,11.0,1.765654211644941,0.5332144229366532,0.48299999999999993,0.49,0.09266666666666667,0.11,0.8983333333333334,0.907,0.4955,0.4795,-0.21833333333333335,-0.221,1.258,1.2485,0.507,0.489,-5.055666666666666,-4.599,6.3495,5.784,61
9.0,ReRotation,12.0,0.3449720785529287,0.3181314475263367,0.46366666666666667,0.469,0.05000000000000001,0.058,0.8803333333333333,0.881,0.4606666666666667,0.464,-0.26216666666666666,-0.2515,1.1791666666666667,1.1755,0.443,0.438,-4.273333333333333,-4.298,5.627166666666667,5.658,62
9.0,ReRotation,13.0,0.26114411002535987,0.16364189107952196,0.449,0.453,0.016,0.034,0.8663333333333334,0.879,0.4423333333333333,0.441,-0.24850000000000003,-0.2465,1.1768333333333334,1.1775,0.4526666666666667,0.4525,-4.593833333333333,-4.5885,5.417000000000001,5.38,63
9.0,ReRotation,14.0,0.2526358549053424,0.19861267669683563,0.43766666666666665,0.441,-0.02666666666666667,-0.02,0.8403333333333333,0.841,0.42849999999999994,0.43,-0.27216666666666667,-0.269,1.1515,1.148,0.399,0.4015,-4.808666666666666,-4.840999999999999,5.292333333333333,5.234500000000001,64
9.0,ReRotation,15.0,0.024579456593127318,0.0730878575427338,0.12179999999999999,0.431,-0.7872,-0.04,0.937,0.839,0.1548,0.413,-1.3142,-0.32,1.7608000000000001,1.169,0.1504,0.363,-5.3716,-4.658,5.6530000000000005,5.746,65
10.0,Baseline,1.0,-0.8585459383007578,-0.6534893539093466,-0.36333333333333334,-0.342,-1.7576666666666665,-1.908,0.9203333333333333,1.084,-0.482,-0.4525,-3.3729999999999998,-3.206,2.3688333333333333,2.073,-0.501,-0.51,-6.932333333333333,-6.4399999999999995,6.000166666666666,5.852,1
10.0,Baseline,2.0,-1.2336772384268135,0.029547232455571157,-0.4186666666666667,-0.406,-1.3739999999999999,-1.457,0.501,0.593,-0.36683333333333334,-0.265,-2.8053333333333335,-2.457,2.0595,2.074,-0.36633333333333334,-0.2545,-6.9395,-6.307,6.279833333333333,6.441,2
10.0,Baseline,3.0,-0.3166550132944807,-0.44963366323014964,-0.452,-0.444,-1.1580000000000001,-1.208,0.25733333333333336,0.317,-0.3865,-0.40900000000000003,-2.4783333333333335,-2.3685,1.6861666666666666,1.5375,-0.37233333333333335,-0.40549999999999997,-6.5385,-6.416,5.957666666666667,5.9355,3
10.0,Baseline,4.0,-1.5091957521425086,-0.11392756983790205,-0.47300000000000003,-0.468,-1.023,-1.058,0.10366666666666668,0.138,-0.466,-0.406,-2.2728333333333333,-2.0835,1.2491666666666668,1.1275,-0.45416666666666666,-0.4355,-6.796666666666667,-6.2395,5.730499999999999,5.332,4
10.0,Baseline,5.0,-0.15024762602911515,-0.34145953799164436,-0.48666666666666664,-0.483,-0.941,-0.953,-0.000333333333333329,0.035,-0.4746666666666666,-0.453,-1.8886666666666667,-1.8615,1.0326666666666666,1.057,-0.4935,-0.47150000000000003,-6.121166666666667,-5.975,5.156166666666667,5.055,5
10.0,Baseline,6.0,1.1709679948566751,0.2656084735644506,-0.496,-0.494,-0.9013333333333334,-0.917,-0.08433333333333333,-0.071,-0.38066666666666665,-0.3815,-1.7151666666666667,-1.721,0.9118333333333334,0.9165,-0.4018333333333333,-0.3785,-6.2348333333333334,-5.609500000000001,5.5488333333333335,5.1419999999999995,6
10.0,Baseline,7.0,-1.9514349336875012,-0.5534579026934796,-0.5016666666666666,-0.5,-0.8733333333333334,-0.87,-0.12666666666666668,-0.111,-0.5168333333333334,-0.5025000000000001,-1.7743333333333335,-1.6804999999999999,0.6970000000000001,0.6439999999999999,-0.5263333333333333,-0.5640000000000001,-6.994833333333333,-6.2805,5.9301666666666675,5.5440000000000005,7
10.0,Baseline,8.0,-0.8967022311317631,-0.4040153891417929,-0.506,-0.505,-0.8770000000000001,-0.88,-0.15933333333333333,-0.158,-0.5163333333333333,-0.495,-1.6325,-1.5485,0.5898333333333333,0.583,-0.5108333333333334,-0.482,-5.762666666666667,-5.6135,5.1691666666666665,5.0,8
10.0,Baseline,9.0,-2.9652038814956594,-2.5771714457993236,-0.5086666666666667,-0.508,-0.8706666666666667,-0.871,-0.16433333333333333,-0.162,-0.593,-0.63,-1.7246666666666668,-1.775,0.4836666666666667,0.489,-0.5856666666666667,-0.6134999999999999,-7.054166666666667,-6.596500000000001,5.739166666666667,5.3245000000000005,9
10.0,Baseline,10.0,-3.567272006078736,-3.7766293023210906,-0.5103333333333334,-0.51,-0.868,-0.87,-0.167,-0.169,-0.6056666666666667,-0.623,-1.672,-1.6755,0.38599999999999995,0.381,-0.6006666666666667,-0.599,-7.0808333333333335,-7.205,5.8870000000000005,6.003,10
10.0,Baseline,11.0,-1.2070036164967801,-0.3378331104515957,-0.5113333333333333,-0.511,-0.8653333333333334,-0.864,-0.16166666666666665,-0.163,-0.5311666666666667,-0.5005,-1.4971666666666668,-1.448,0.3915,0.4095,-0.5681666666666666,-0.5855,-5.945333333333333,-5.905,4.751,4.652,11
10.0,Baseline,12.0,-0.6696756554208455,-0.08926736538428169,-0.5123333333333333,-0.512,-0.8666666666666667,-0.868,-0.15466666666666665,-0.159,-0.4995,-0.48,-1.4085,-1.3679999999999999,0.39399999999999996,0.402,-0.49266666666666664,-0.4745,-5.8565000000000005,-5.62,4.8533333333333335,4.66,12
10.0,Baseline,13.0,0.13538108530707116,-0.13542156966576874,-0.5133333333333333,-0.513,-0.875,-0.864,-0.15433333333333332,-0.146,-0.4791666666666667,-0.486,-1.3483333333333334,-1.341,0.3893333333333333,0.383,-0.4713333333333333,-0.498,-5.775833333333334,-5.6215,4.671,4.4855,13
10.0,Baseline,14.0,-0.24293527911492627,-1.7722245197606035,-0.514,-0.514,-0.8886666666666666,-0.897,-0.16066666666666668,-0.171,-0.5218333333333333,-0.5429999999999999,-1.4264999999999999,-1.4195,0.3786666666666667,0.354,-0.5704999999999999,-0.571,-7.501333333333334,-7.225,6.081,5.856,14
10.0,Baseline,15.0,1.022529316993705,0.06832975068148095,-0.514,-0.514,-0.875,-0.875,-0.139,-0.139,-0.4725,-0.483,-1.3158333333333332,-1.3239999999999998,0.39316666666666666,0.359,-0.48183333333333334,-0.487,-6.398333333333333,-5.945,4.7331666666666665,4.4239999999999995,15
10.0,Baseline,16.0,-0.24375257218698834,-0.13316343416928306,-0.514,-0.514,-0.8770000000000001,-0.877,-0.1355,-0.1355,-0.49616666666666664,-0.486,-1.3446666666666667,-1.3385,0.32233333333333336,0.338,-0.5318333333333334,-0.5285,-5.710833333333333,-5.503,4.493833333333334,4.4239999999999995,16
10.0,Baseline,17.0,-1.393096861010463,-0.4361405299943642,-0.5145000000000001,-0.5145,-0.8865,-0.8865000000000001,-0.141,-0.14100000000000001,-0.5085000000000001,-0.507,-1.3695000000000002,-1.337,0.33516666666666667,0.33899999999999997,-0.4683333333333333,-0.46699999999999997,-6.127833333333334,-5.4975000000000005,5.5246666666666675,4.917,17
10.0,Baseline,18.0,-0.37479472533731667,-0.107341377849738,-0.515,-0.515,-0.887,-0.887,-0.13749999999999998,-0.1375,-0.5005000000000001,-0.491,-1.3371666666666666,-1.3515000000000001,0.3145,0.2985,-0.4896666666666667,-0.48950000000000005,-5.465333333333334,-5.4285,4.6955,4.7105,18
10.0,Baseline,19.0,-1.5857708232926544,-0.20614515614330908,-0.515,-0.515,-0.8785,-0.8785000000000001,-0.1255,-0.1255,-0.519,-0.4965,-1.3715,-1.3370000000000002,0.2758333333333333,0.27549999999999997,-0.5211666666666667,-0.514,-6.401666666666666,-5.6745,5.115666666666667,4.744,19
10.0,Baseline,20.0,-2.6486273869147494,-0.40745677568519234,-0.515,-0.515,-0.878,-0.878,-0.1215,-0.1215,-0.5311666666666667,-0.511,-1.3715,-1.3405,0.2698333333333333,0.2605,-0.5788333333333333,-0.532,-6.701833333333333,-5.7204999999999995,5.642333333333333,4.7275,20
10.0,Baseline,21.0,-2.850864821079771,-0.7618777983107385,-0.515,-0.515,-0.8770000000000001,-0.877,-0.1175,-0.1175,-0.5333333333333333,-0.5255000000000001,-1.3804999999999998,-1.3725,0.29133333333333333,0.308,-0.5435,-0.5265,-6.8705,-6.045999999999999,5.678,4.8645,21
10.0,Baseline,22.0,-0.8165908007404529,-0.012255788496015455,-0.515,-0.515,-0.8875000000000001,-0.8875,-0.12550000000000003,-0.1255,-0.5058333333333334,-0.495,-1.3313333333333335,-1.3175,0.32483333333333336,0.29800000000000004,-0.5198333333333334,-0.5055000000000001,-6.295000000000001,-5.797000000000001,4.872,4.619,22
10.0,Baseline,23.0,-4.092689685862271,-3.736650242848468,-0.515,-0.515,-0.9049999999999999,-0.905,-0.141,-0.14100000000000001,-0.5455,-0.5575,-1.4080000000000001,-1.3965,0.2528333333333333,0.23349999999999999,-0.539,-0.5655,-7.307666666666666,-7.2924999999999995,6.5361666666666665,6.3055,23
10.0,Baseline,24.0,0.26325501504864207,0.04310022008127385,-0.515,-0.515,-0.9115000000000001,-0.9115,-0.1455,-0.1455,-0.492,-0.4785,-1.3358333333333334,-1.331,0.3225,0.29,-0.518,-0.48550000000000004,-6.241499999999999,-5.818,5.093333333333333,4.7195,24
10.0,Baseline,25.0,0.10429115977804523,-0.0810797190830113,0.2562,-0.515,-0.7056,-0.91,1.2074000000000003,-0.143,-0.2914,-0.49,-2.3893999999999997,-1.358,2.0292000000000003,0.325,-0.3044,-0.541,-6.6138,-5.966,6.205,6.507,25
10.0,Rotation,1.0,0.5797967444623072,-0.23911542199885316,1.2703333333333333,1.413,-0.3986666666666667,-0.399,2.9280000000000004,3.233,0.8453333333333334,0.37,-3.188,-3.2439999999999998,5.131666666666667,4.8205,0.8068333333333334,0.3335,-6.311166666666668,-6.6055,8.184166666666668,7.5705,26
10.0,Rotation,2.0,4.589585954286069,4.761329012546502,0.8766666666666666,0.985,-0.399,-0.398,2.1203333333333334,2.318,2.5835,2.7065,-1.5005,-1.4215,6.673166666666667,6.8835,2.5773333333333333,2.7065,-5.018166666666667,-5.025,9.7395,9.6105,27
10.0,Rotation,3.0,1.6816536380812181,0.3396665150530239,0.5766666666666667,0.66,-0.4216666666666667,-0.401,1.5759999999999998,1.725,0.8781666666666665,0.4895,-2.926166666666667,-2.875,4.752833333333333,3.7065,0.8866666666666666,0.496,-6.3886666666666665,-6.0055,8.22,7.1015,28
10.0,Rotation,4.0,-1.6145946850036335,-1.8465278896003512,0.3456666666666666,0.41,-0.47266666666666673,-0.463,1.1866666666666668,1.278,-0.34,-0.611,-3.7101666666666673,-3.8185000000000002,2.9385,2.439,-0.35800000000000004,-0.619,-7.059166666666666,-6.9879999999999995,6.592333333333333,6.4075,29
10.0,Rotation,5.0,2.7221336422139593,2.701313185455663,0.167,0.217,-0.5293333333333333,-0.492,0.9216666666666667,1.004,0.7925,1.0675000000000001,-2.3381666666666665,-2.0005,4.092833333333333,4.2955,0.7973333333333333,1.0085,-6.4715,-6.337,7.745833333333334,7.3755,30
10.0,Rotation,6.0,0.40650324370554386,1.3530142168282984,0.027333333333333338,0.067,-0.6323333333333333,-0.604,0.7106666666666667,0.757,0.2995,0.544,-2.6973333333333334,-2.301,3.2626666666666666,3.247,0.30933333333333335,0.525,-7.043833333333333,-6.204,7.028833333333334,6.6665,31
10.0,Rotation,7.0,-1.597843019129149,-1.514664517327193,-0.083,-0.052,-0.723,-0.689,0.572,0.618,-0.3993333333333333,-0.4835,-3.2626666666666666,-3.2104999999999997,2.2596666666666665,2.203,-0.4058333333333333,-0.48950000000000005,-7.183666666666667,-6.878,6.195666666666667,5.928,32
10.0,Rotation,8.0,-1.5677030006838164,0.07523354836886935,-0.17,-0.145,-0.8250000000000001,-0.791,0.45199999999999996,0.48,-0.2733333333333334,-0.0685,-2.9153333333333333,-2.523,2.3315,2.3200000000000003,-0.2583333333333333,-0.0485,-7.037,-6.194,6.2745,5.859999999999999,33
10.0,Rotation,9.0,-0.3178232562006979,-0.9106014208012879,-0.24,-0.22,-0.9143333333333333,-0.893,0.383,0.396,-0.3821666666666667,-0.434,-2.8791666666666664,-2.7705,2.1413333333333333,1.827,-0.3913333333333333,-0.4135,-6.902333333333334,-6.695,5.9465,5.465,34
10.0,Rotation,10.0,-0.8773480029380948,-0.7802774935843086,-0.29600000000000004,-0.28,-0.9803333333333333,-0.957,0.3443333333333333,0.357,-0.45966666666666667,-0.433,-2.6526666666666667,-2.605,1.7996666666666667,1.8125,-0.48150000000000004,-0.454,-6.092333333333333,-5.954000000000001,5.3693333333333335,5.3335,35
10.0,Rotation,11.0,0.019591882851938358,0.5595494115661519,-0.3406666666666667,-0.328,-1.051,-1.027,0.3073333333333333,0.319,-0.20766666666666667,-0.124,-2.58,-2.4234999999999998,2.051833333333333,1.8945,-0.20616666666666664,-0.15250000000000002,-6.478166666666667,-6.1419999999999995,5.932833333333334,5.9704999999999995,36
10.0,Rotation,12.0,-0.9586531340348364,-0.2758892702555647,-0.37666666666666665,-0.366,-1.095,-1.099,0.297,0.284,-0.4171666666666667,-0.34,-2.6651666666666665,-2.4195,1.6776666666666669,1.712,-0.4081666666666666,-0.31,-6.4295,-6.066000000000001,5.605833333333333,5.5625,37
10.0,Rotation,13.0,-1.147989827580644,-0.7443899116550226,-0.4063333333333334,-0.398,-1.119,-1.087,0.2996666666666667,0.323,-0.5406666666666666,-0.47350000000000003,-2.7496666666666667,-2.6555,1.5405,1.5705,-0.5185,-0.435,-6.2379999999999995,-6.061999999999999,5.3261666666666665,5.318,38
10.0,Rotation,14.0,-1.6795831407791084,-1.621058571240406,-0.43,-0.423,-1.1896666666666667,-1.183,0.25466666666666665,0.253,-0.6018333333333333,-0.6355,-3.0003333333333333,-2.8385,1.7878333333333334,1.5775000000000001,-0.6088333333333332,-0.6805,-7.845666666666666,-7.8625,6.538166666666666,6.224,39
10.0,Rotation,15.0,0.4271748403919457,0.3109856824424752,-0.5353333333333333,-0.444,-1.4613333333333334,-1.203,0.373,0.258,-0.30416666666666664,-0.253,-2.4295,-2.324,1.851,1.83,-0.2608333333333333,-0.21300000000000002,-6.002,-5.9215,5.6194999999999995,5.5175,40
10.0,Washout,1.0,-0.9138222523548979,-0.6244862221445353,-0.6516666666666667,-0.718,-1.7886666666666666,-1.978,0.5123333333333333,0.603,-0.6838333333333333,-0.628,-2.8369999999999997,-2.7545,1.4663333333333333,1.4205,-0.6905,-0.6765,-6.374833333333334,-6.311,5.239,5.204,41
10.0,Washout,2.0,-2.030839792307171,-1.7479706916500042,-0.47300000000000003,-0.519,-1.2893333333333332,-1.41,0.29833333333333334,0.331,-0.6326666666666666,-0.5665,-2.512166666666667,-2.3525,1.1580000000000001,1.1325,-0.6331666666666667,-0.584,-6.611666666666667,-6.624499999999999,5.613833333333333,5.4895,42
10.0,Washout,3.0,-0.07915408611783414,-0.16963559747950785,-0.34800000000000003,-0.381,-0.9783333333333334,-1.048,0.23700000000000002,0.233,-0.3021666666666667,-0.30400000000000005,-1.7823333333333335,-1.8685,1.1748333333333332,1.1995,-0.2836666666666667,-0.29800000000000004,-5.721333333333334,-5.819,5.0343333333333335,5.04,43
10.0,Washout,4.0,-1.1992517925594885,-0.9034686366836571,-0.25799999999999995,-0.282,-0.7923333333333332,-0.839,0.26766666666666666,0.245,-0.31816666666666665,-0.33,-1.6878333333333335,-1.7025000000000001,1.0413333333333332,1.0,-0.34400000000000003,-0.366,-6.3501666666666665,-6.391,5.489,5.2940000000000005,44
10.0,Washout,5.0,0.09590239999471988,-0.2427278319449535,-0.19199999999999998,-0.21,-0.6823333333333332,-0.699,0.334,0.313,-0.1688333333333333,-0.1895,-1.3668333333333333,-1.365,1.0271666666666668,1.01,-0.15233333333333335,-0.19,-5.257333333333333,-5.256,5.1979999999999995,5.079,45
10.0,Washout,6.0,-0.34203688915232355,-0.1969558207147818,-0.14233333333333334,-0.156,-0.6406666666666667,-0.649,0.4033333333333333,0.376,-0.1585,-0.1545,-1.2906666666666666,-1.314,0.9718333333333332,0.9684999999999999,-0.17066666666666666,-0.1735,-5.312833333333334,-5.3215,4.896333333333334,4.883,46
10.0,Washout,7.0,-0.36443994974728405,-0.1535403340036196,-0.10466666666666667,-0.115,-0.6273333333333334,-0.624,0.47300000000000003,0.458,-0.122,-0.1045,-1.2221666666666666,-1.1865,0.9801666666666667,0.996,-0.1375,-0.1365,-5.2331666666666665,-5.1975,5.061333333333334,5.1945,47
10.0,Washout,8.0,0.7589243774545641,0.25090720953813644,-0.076,-0.084,-0.6303333333333333,-0.634,0.5243333333333333,0.503,-0.0415,-0.0375,-1.1188333333333333,-1.099,1.0833333333333333,0.9904999999999999,-0.049166666666666664,-0.0315,-5.922999999999999,-5.798,5.724333333333333,5.587999999999999,48
10.0,Washout,9.0,-0.2427763133114871,-0.05937251054894174,-0.05366666666666667,-0.06,-0.63,-0.623,0.5746666666666665,0.567,-0.051,-0.05,-1.1046666666666667,-1.0835,0.9988333333333334,1.0005,-0.07966666666666666,-0.079,-5.706499999999999,-5.5045,5.273333333333333,5.153499999999999,49
10.0,Washout,10.0,0.9472115521437816,1.0803791175739907,0.7299999999999999,-0.041,-0.039333333333333366,-0.644,1.5266666666666666,0.59,0.7075,0.038,-0.6106666666666666,-1.0005,2.1121666666666665,1.1125,0.7306666666666667,0.0675,-4.877166666666667,-5.255000000000001,6.166833333333333,5.4615,50
10.0,ReRotation,1.0,2.0767749120883305,2.06437866977721,2.1679999999999997,2.272,1.1636666666666666,1.17,3.1809999999999996,3.4,2.1325,2.1559999999999997,0.2778333333333333,0.279,4.0335,4.1405,2.135666666666667,2.1765,-3.4403333333333332,-3.3810000000000002,7.593,7.596,51
10.0,ReRotation,2.0,1.9114679611965366,1.2505925626203083,1.8840000000000001,1.96,1.144,1.151,2.623333333333333,2.743,1.8773333333333333,1.81,0.29383333333333334,0.242,3.5675000000000003,3.578,1.8793333333333333,1.8325,-3.7249999999999996,-3.7104999999999997,7.449333333333333,7.439500000000001,52
10.0,ReRotation,3.0,2.056373796298859,2.2172246037675554,1.6753333333333333,1.732,1.101,1.13,2.2853333333333334,2.384,1.7106666666666666,1.6804999999999999,0.33316666666666667,0.359,3.172,3.1135,1.6921666666666664,1.6305,-3.9019999999999997,-3.8405,7.031666666666666,6.965999999999999,53
10.0,ReRotation,4.0,2.261149806681792,1.7092995779522386,1.5183333333333333,1.562,1.013,1.043,2.0236666666666667,2.088,1.553,1.5670000000000002,0.24349999999999997,0.27,2.8064999999999998,2.7575000000000003,1.5753333333333333,1.5790000000000002,-3.8546666666666667,-3.618,7.468333333333334,7.1105,54
10.0,ReRotation,5.0,1.93299046187959,1.383970443353533,1.3973333333333333,1.431,0.9276666666666666,0.953,1.8553333333333333,1.895,1.4061666666666666,1.3795000000000002,0.229,0.2185,2.587,2.5745,1.4018333333333333,1.4169999999999998,-4.2605,-4.099500000000001,6.949333333333333,6.741,55
10.0,ReRotation,6.0,2.6959566282202583,2.0876468588423576,1.3036666666666668,1.33,0.8450000000000001,0.877,1.7433333333333334,1.776,1.3461666666666667,1.335,0.2695,0.25,2.4468333333333336,2.4095,1.3775000000000002,1.3465,-4.311,-3.9985,7.368666666666667,7.1419999999999995,56
10.0,ReRotation,7.0,1.8359651470335543,1.3058414684723056,1.2299999999999998,1.251,0.7663333333333333,0.781,1.6669999999999998,1.678,1.2361666666666666,1.23,0.22233333333333336,0.21650000000000003,2.2935,2.2910000000000004,1.24,1.2685,-4.3116666666666665,-4.222,6.735833333333333,6.6395,57
10.0,ReRotation,8.0,0.8627797606802486,0.7741600757378194,1.1713333333333333,1.188,0.7183333333333334,0.737,1.638,1.645,1.1455,1.1375,0.21166666666666667,0.208,2.1446666666666667,2.1375,1.1380000000000001,1.117,-3.7840000000000003,-3.8529999999999998,6.478666666666666,6.463,58
10.0,ReRotation,9.0,1.884220406667515,1.3417216987490033,1.1243333333333332,1.138,0.66,0.681,1.618,1.624,1.1483333333333334,1.1484999999999999,0.1955,0.1965,2.1378333333333335,2.125,1.1548333333333334,1.1335,-4.302333333333333,-4.1370000000000005,6.724833333333333,6.542,59
10.0,ReRotation,10.0,1.0958874957351725,0.451538805158642,1.086,1.097,0.5953333333333334,0.618,1.5966666666666667,1.606,1.0753333333333333,1.0554999999999999,0.13166666666666668,0.10600000000000001,2.033166666666667,2.011,1.0833333333333333,1.085,-4.4075,-4.3815,6.38,6.3485,60
10.0,ReRotation,11.0,1.7122133663769619,1.302864284465877,1.0553333333333335,1.064,0.5346666666666667,0.55,1.577,1.578,1.0648333333333333,1.0625,0.16583333333333333,0.166,2.065166666666667,2.052,1.0761666666666667,1.088,-4.402,-4.079,6.7235000000000005,6.5285,61
10.0,ReRotation,12.0,0.9898569234701032,1.0675092941483073,1.027,1.0270000000000001,0.4925,0.4925,1.5839999999999999,1.584,1.0235,1.0259999999999998,0.11399999999999999,0.1215,1.9456666666666667,1.9485000000000001,1.0235,1.0339999999999998,-4.190333333333334,-4.204000000000001,6.042333333333333,5.9895,62
10.0,ReRotation,13.0,0.562836909375194,0.260792247548738,1.007,1.0070000000000001,0.4575,0.4575,1.5865,1.5865,0.9788333333333332,0.972,0.05349999999999999,0.0385,1.9091666666666667,1.888,0.9681666666666665,0.952,-4.317,-4.316,6.191833333333332,6.2524999999999995,63
10.0,ReRotation,14.0,0.6135475362499574,0.19836789511347702,0.9904999999999999,0.9904999999999999,0.418,0.41800000000000004,1.5815000000000001,1.5815000000000001,0.9668333333333333,0.9475,0.041,0.047,1.914,1.9245,0.9736666666666668,0.9450000000000001,-4.328,-4.331,6.254166666666666,6.258,64
10.0,ReRotation,15.0,1.787335905139265,1.2228007937676983,0.8734,0.983,-0.060799999999999986,0.402,1.8782,1.583,0.9112,0.936,-0.818,0.006,2.6420000000000003,2.077,0.9216,0.949,-4.9848,-5.031,6.825799999999999,6.865,65
12.0,Baseline,1.0,-0.5393879202763939,-0.5477093460050787,0.6613333333333333,0.709,-0.6833333333333332,-0.755,2.1046666666666667,2.321,0.2031666666666667,0.201,-2.8055,-2.6315,3.1911666666666663,3.2415000000000003,0.20533333333333337,0.2585,-6.114166666666667,-6.1165,6.577333333333333,6.531499999999999,1
12.0,Baseline,2.0,1.7876669462577315,2.7069025430372804,0.5319999999999999,0.566,-0.48033333333333333,-0.54,1.5516666666666665,1.672,0.8580000000000001,1.1185,-1.9455,-1.466,3.8096666666666668,3.7965,0.9078333333333334,1.165,-5.883666666666667,-5.8985,7.383500000000001,7.5905000000000005,2
12.0,Baseline,3.0,2.6227165432784303,2.687841758805651,0.43933333333333335,0.464,-0.325,-0.361,1.227,1.311,0.8013333333333333,0.8565,-1.4491666666666667,-1.4045,3.2394999999999996,3.1470000000000002,0.8365,0.893,-5.422,-5.506,7.222833333333333,7.269,3
12.0,Baseline,4.0,0.11424132940683289,0.10630098611335584,0.37166666666666665,0.39,-0.236,-0.253,0.9966666666666666,1.059,0.24083333333333334,0.311,-1.7934999999999999,-1.554,2.2433333333333336,2.0925000000000002,0.22266666666666668,0.317,-6.094666666666666,-6.261,6.351,5.757,4
12.0,Baseline,5.0,-1.0696853906684474,-0.644493392156361,0.3145,0.3145,-0.17200000000000001,-0.172,0.828,0.8280000000000001,0.19083333333333333,0.1455,-1.5556666666666665,-1.427,1.8756666666666666,1.8355000000000001,0.18133333333333335,0.11399999999999999,-5.764,-5.464,6.287166666666667,6.045999999999999,5
12.0,Baseline,6.0,-0.904551537885624,-1.7543366168226047,0.27799999999999997,0.278,-0.1415,-0.1415,0.7330000000000001,0.7330000000000001,0.18200000000000002,0.1145,-1.4001666666666666,-1.363,1.7093333333333334,1.6179999999999999,0.18316666666666667,0.1695,-6.293166666666667,-6.57,6.8133333333333335,7.036,6
12.0,Baseline,7.0,2.8514723411982277,3.366721819864746,0.25,0.25,-0.13149999999999998,-0.1315,0.6655000000000001,0.6655,0.3233333333333333,0.398,-1.0603333333333333,-0.9365,1.8013333333333332,1.7534999999999998,0.3368333333333333,0.433,-6.6273333333333335,-6.811,7.299166666666667,7.4045000000000005,7
12.0,Baseline,8.0,-0.005153698982999472,0.24784157882193153,0.2285,0.22849999999999998,-0.1425,-0.14250000000000002,0.6124999999999999,0.6125,0.2141666666666667,0.2395,-0.9935,-0.9405,1.4108333333333334,1.418,0.19516666666666668,0.201,-5.077,-4.993499999999999,5.496666666666666,5.443,8
12.0,Baseline,9.0,1.4438513551741803,0.8124309860449983,0.212,0.212,-0.1635,-0.1635,0.5645,0.5645,0.25166666666666665,0.2465,-0.9243333333333332,-0.894,1.4473333333333331,1.389,0.2235,0.223,-5.8945,-5.5905000000000005,6.3185,6.0045,9
12.0,Baseline,10.0,-1.206349872309201,-0.1339132564689845,0.19899999999999998,0.199,-0.165,-0.165,0.549,0.549,0.16433333333333333,0.159,-0.9430000000000001,-0.907,1.2626666666666668,1.2335,0.12983333333333333,0.1345,-6.314166666666666,-5.3495,6.290833333333334,5.8545,10
12.0,Baseline,11.0,0.5538904340046623,1.6264445677036012,0.1885,0.1885,-0.1795,-0.1795,0.5335,0.5335000000000001,0.2275,0.2895,-0.79,-0.706,1.294,1.3595000000000002,0.21666666666666667,0.2965,-6.4395,-5.935499999999999,6.873833333333334,6.155,11
12.0,Baseline,12.0,-0.23959201532731758,0.28354372229919034,0.1805,0.1805,-0.19899999999999998,-0.199,0.5185000000000001,0.5185,0.16916666666666666,0.1875,-0.8538333333333333,-0.8265,1.1333333333333335,1.1235,0.19099999999999998,0.21050000000000002,-5.986166666666667,-5.7705,5.8825,5.3935,12
12.0,Baseline,13.0,-0.39371837399874837,-0.4431411204386053,0.17400000000000002,0.174,-0.2105,-0.2105,0.5135,0.5135000000000001,0.14883333333333335,0.136,-0.7893333333333333,-0.7925,1.1464999999999999,1.119,0.12316666666666666,0.11699999999999999,-5.835,-5.6705000000000005,5.851666666666667,5.4030000000000005,13
12.0,Baseline,14.0,-0.1561071657387487,0.1681957892297215,0.1685,0.1685,-0.2145,-0.2145,0.5155,0.5155000000000001,0.16,0.17099999999999999,-0.7796666666666666,-0.7195,1.096,1.056,0.18099999999999997,0.1885,-5.3165000000000004,-5.343,5.652666666666666,5.586,14
12.0,Baseline,15.0,0.08264851659818773,0.09401521285404581,0.164,0.164,-0.2155,-0.2155,0.518,0.518,0.15416666666666667,0.159,-0.766,-0.759,1.0508333333333333,1.025,0.1425,0.138,-5.166666666666667,-5.154,5.246833333333333,5.223,15
12.0,Baseline,16.0,-0.27682119030133306,0.3060977463801521,0.1605,0.1605,-0.219,-0.219,0.5185000000000001,0.5185,0.15816666666666668,0.1695,-0.7178333333333334,-0.6765,1.0531666666666666,1.0310000000000001,0.13633333333333333,0.1305,-5.4606666666666674,-5.1555,5.6035,5.474,16
12.0,Baseline,17.0,0.09583343622171885,-0.0876127220966987,0.158,0.158,-0.2225,-0.2225,0.5195,0.5195000000000001,0.15633333333333332,0.14400000000000002,-0.7131666666666666,-0.7175,1.0588333333333333,1.0325,0.15583333333333332,0.14300000000000002,-5.167,-5.188,5.285666666666667,5.305999999999999,17
12.0,Baseline,18.0,0.4271343998887404,0.03502433949320575,0.156,0.156,-0.229,-0.229,0.5175,0.5175000000000001,0.15583333333333332,0.1495,-0.695,-0.7164999999999999,1.0018333333333334,0.957,0.1305,0.11750000000000001,-5.182833333333333,-5.1485,5.409833333333332,5.316,18
12.0,Baseline,19.0,1.7153138222955482,1.0058612898823167,0.154,0.154,-0.2325,-0.2325,0.5175,0.5175000000000001,0.18833333333333332,0.199,-0.6623333333333333,-0.6465000000000001,1.0776666666666668,1.0965,0.19999999999999998,0.1965,-5.626833333333333,-5.0595,5.937833333333334,5.4055,19
12.0,Baseline,20.0,1.0387654653152458,0.8105815003585355,0.152,0.152,-0.23399999999999999,-0.23399999999999999,0.519,0.519,0.18600000000000003,0.185,-0.642,-0.648,1.0735,1.055,0.1845,0.1905,-5.345166666666667,-5.154,5.462666666666666,5.234999999999999,20
12.0,Baseline,21.0,-0.2788107117550547,-0.3251727998497585,0.1505,0.1505,-0.24,-0.24,0.517,0.517,0.12733333333333333,0.1275,-0.6985,-0.716,0.9678333333333332,0.967,0.11533333333333333,0.111,-4.917833333333333,-4.8855,5.3629999999999995,5.3815,21
12.0,Baseline,22.0,0.08311489975681992,0.2094458382884079,0.1495,0.1495,-0.248,-0.248,0.5125000000000001,0.5125,0.14766666666666667,0.1515,-0.6786666666666666,-0.662,1.0075,0.9864999999999999,0.1265,0.1265,-5.289666666666666,-5.077500000000001,5.588,5.395,22
12.0,Baseline,23.0,0.1377474448629982,-0.0773363814389038,0.1485,0.1485,-0.2515,-0.2515,0.5125000000000001,0.5125,0.14366666666666666,0.136,-0.6546666666666666,-0.651,0.9853333333333333,0.986,0.13166666666666668,0.1335,-4.937666666666667,-4.9675,5.296833333333333,5.2245,23
12.0,Baseline,24.0,-0.2525663150044059,-0.12650834816813575,0.148,0.148,-0.251,-0.251,0.515,0.515,0.1345,0.135,-0.7096666666666667,-0.6925,0.9791666666666666,0.995,0.12016666666666666,0.14350000000000002,-4.971666666666667,-4.798,5.3525,5.339,24
12.0,Baseline,25.0,0.39960119984478115,0.0475460580377036,0.3796,0.148,-0.4166,-0.251,1.209,0.515,0.4258,0.217,-1.1084,-0.776,2.0126,1.058,0.42779999999999996,0.161,-5.285,-5.357,6.1366,6.185,25
12.0,Rotation,1.0,1.732411007580505,1.244801961959532,0.62,0.727,-0.6116666666666667,-0.665,1.9669999999999999,2.25,0.8646666666666666,0.8205,-1.8178333333333334,-1.9064999999999999,3.387,3.2565,0.8963333333333333,0.867,-5.272333333333333,-5.325,6.952333333333333,6.8100000000000005,26
12.0,Rotation,2.0,-1.0327988710297162,-0.2527084265357284,0.3373333333333333,0.406,-0.5136666666666666,-0.505,1.2273333333333334,1.401,0.12699999999999997,0.159,-2.14,-1.8875,2.316,2.391,0.1315,0.154,-6.071333333333333,-5.619,6.337833333333333,6.055,27
12.0,Rotation,3.0,0.2507420864601096,0.5599315696579616,0.15333333333333335,0.2,-0.536,-0.531,0.798,0.88,0.17766666666666667,0.1835,-1.7215,-1.5975000000000001,2.025166666666667,2.0309999999999997,0.19400000000000003,0.22,-5.257000000000001,-5.1065000000000005,5.7941666666666665,5.8055,28
12.0,Rotation,4.0,-0.13477115761137712,-0.9088812467608912,0.02733333333333333,0.06,-0.552,-0.546,0.5946666666666667,0.634,-0.052333333333333336,-0.1255,-1.7433333333333334,-1.738,1.7691666666666668,1.6345,-0.0395,-0.126,-5.803999999999999,-5.612500000000001,5.633166666666667,5.3515,29
12.0,Rotation,5.0,0.4094685486614568,0.1234578543038112,-0.06166666666666667,-0.038,-0.5826666666666666,-0.564,0.48633333333333334,0.516,0.0068333333333333345,-0.0445,-1.6333333333333335,-1.6385,1.5091666666666665,1.4895,-0.026499999999999996,-0.08349999999999999,-5.470833333333334,-5.455500000000001,5.399166666666666,5.332,30
12.0,Rotation,6.0,0.5415659475933129,0.5315704280314908,-0.12633333333333333,-0.109,-0.645,-0.62,0.40599999999999997,0.427,-0.05100000000000001,-0.041999999999999996,-1.5553333333333335,-1.5565,1.4341666666666668,1.42,-0.09049999999999998,-0.08349999999999999,-5.756333333333333,-5.67,5.161833333333333,5.079,31
12.0,Rotation,7.0,-0.10285399031792701,-1.0435882773084384,-0.17400000000000002,-0.161,-0.7056666666666667,-0.695,0.36233333333333334,0.364,-0.22666666666666668,-0.272,-1.7508333333333335,-1.7825000000000002,1.279,1.1595,-0.23383333333333334,-0.28049999999999997,-6.247833333333333,-6.022,5.828,5.503500000000001,32
12.0,Rotation,8.0,-2.353044713921378,-1.3947685913614667,-0.21,-0.2,-0.7403333333333334,-0.727,0.3553333333333333,0.359,-0.2808333333333333,-0.3335,-1.7641666666666669,-1.8010000000000002,1.2276666666666667,1.0975000000000001,-0.238,-0.264,-7.532666666666667,-7.2705,6.737333333333333,6.6545,33
12.0,Rotation,9.0,1.0673077340049717,0.9097115982660162,-0.2376666666666667,-0.23,-0.7896666666666666,-0.767,0.3363333333333333,0.348,-0.1615,-0.10700000000000001,-1.598,-1.481,1.3195,1.2774999999999999,-0.15366666666666665,-0.097,-6.627666666666666,-6.500500000000001,6.2795,6.173,34
12.0,Rotation,10.0,-1.6997449463011067,-2.1455232794269548,-0.259,-0.253,-0.8406666666666666,-0.835,0.3173333333333333,0.313,-0.31383333333333335,-0.4125,-1.7716666666666667,-1.81,1.1656666666666666,0.996,-0.29583333333333334,-0.403,-6.917833333333333,-6.8565000000000005,6.3625,6.390499999999999,35
12.0,Rotation,11.0,-0.5009242562147006,-0.11186522680108557,-0.27566666666666667,-0.271,-0.8583333333333334,-0.852,0.329,0.326,-0.26416666666666666,-0.262,-1.6153333333333333,-1.569,1.079,1.0074999999999998,-0.26733333333333337,-0.2595,-6.213,-5.8275,5.4935,5.208,36
12.0,Rotation,12.0,-2.37721855379434,-1.6981226650909675,-0.2886666666666666,-0.285,-0.883,-0.871,0.331,0.335,-0.3213333333333333,-0.34450000000000003,-1.7936666666666667,-1.763,1.1278333333333332,1.101,-0.2861666666666667,-0.321,-7.610166666666667,-7.252000000000001,6.680666666666667,6.665,37
12.0,Rotation,13.0,-0.9709386646907193,-0.1408495729386792,-0.299,-0.296,-0.9063333333333334,-0.907,0.3293333333333333,0.323,-0.28950000000000004,-0.2835,-1.6420000000000001,-1.595,1.0410000000000001,0.9055,-0.27133333333333337,-0.2575,-6.268999999999999,-5.569,5.739333333333334,4.9365000000000006,38
12.0,Rotation,14.0,-1.152492748756399,-0.2844064386395381,-0.3073333333333333,-0.305,-0.919,-0.905,0.335,0.342,-0.319,-0.3095,-1.7158333333333333,-1.607,1.0633333333333332,0.975,-0.29983333333333334,-0.33499999999999996,-6.8215,-6.655,6.0681666666666665,6.0685,39
12.0,Rotation,15.0,-0.7545624819795282,-0.5737000406937542,-0.5616666666666666,-0.312,-1.4923333333333335,-0.947,0.315,0.321,-0.507,-0.42900000000000005,-2.2901666666666665,-1.904,1.2508333333333332,1.111,-0.5085000000000001,-0.4155,-6.377833333333332,-6.217,5.253833333333334,5.2725,40
12.0,Washout,1.0,-0.6685454294211652,-1.3843106621737902,-1.048,-1.061,-2.379,-2.583,0.18899999999999997,0.303,-1.0063333333333333,-1.12,-3.5506666666666664,-3.485,1.5443333333333333,1.3054999999999999,-0.9636666666666667,-1.1185,-6.978833333333333,-6.913,5.400333333333333,4.9815000000000005,41
12.0,Washout,2.0,-1.5688418715573587,-0.6167490346383819,-1.0116666666666667,-1.022,-1.8853333333333335,-1.971,-0.12033333333333333,-0.039,-1.0675,-0.904,-3.2005,-3.061,0.9693333333333333,1.0775,-1.0648333333333333,-0.935,-7.0073333333333325,-6.555,4.989166666666667,5.0715,42
12.0,Washout,3.0,-1.4740458540450605,-0.919567590107539,-0.9823333333333334,-0.991,-1.6663333333333332,-1.714,-0.3143333333333333,-0.283,-1.019,-0.963,-2.906,-2.7005,0.7033333333333333,0.5725,-1.021,-0.952,-6.833833333333334,-6.5495,5.072166666666667,4.8945,43
12.0,Washout,4.0,-1.5066728190359333,-1.2563243131109194,-0.9583333333333334,-0.965,-1.5396666666666665,-1.571,-0.36233333333333334,-0.377,-1.0241666666666667,-1.005,-2.6025,-2.5755,0.4816666666666667,0.472,-1.0256666666666667,-1.005,-6.437333333333334,-6.333,4.488,4.4725,44
12.0,Washout,5.0,-0.4434084084244064,-0.2223063308525238,-0.9393333333333334,-0.945,-1.4833333333333334,-1.477,-0.3376666666666666,-0.333,-0.8693333333333334,-0.8374999999999999,-2.3053333333333335,-2.267,0.5116666666666666,0.5825,-0.8835000000000001,-0.846,-6.2855,-6.301500000000001,4.510166666666667,4.509,45
12.0,Washout,6.0,-1.525860790043936,-0.9047279324517393,-0.9236666666666666,-0.928,-1.492,-1.496,-0.3273333333333333,-0.347,-0.9541666666666666,-0.9119999999999999,-2.324333333333333,-2.2439999999999998,0.38133333333333336,0.40900000000000003,-0.9656666666666668,-0.9105,-6.656,-6.439500000000001,4.578666666666667,4.489000000000001,46
12.0,Washout,7.0,-0.35673689412924076,-0.10645540100575135,-0.9116666666666667,-0.915,-1.4976666666666667,-1.484,-0.2843333333333333,-0.288,-0.8571666666666666,-0.8165,-2.1961666666666666,-2.1355,0.4071666666666667,0.427,-0.8798333333333334,-0.865,-6.5095,-6.537,4.815166666666666,4.734999999999999,47
12.0,Washout,8.0,-2.595200912207012,-1.481454412805894,-0.902,-0.905,-1.5426666666666666,-1.525,-0.275,-0.277,-0.9583333333333334,-0.945,-2.283166666666667,-2.26,0.3085,0.3285,-0.9735,-0.9515,-6.849666666666667,-6.2005,5.064666666666667,4.772,48
12.0,Washout,9.0,-2.3443396470536073,-1.1555674371283657,-0.8936666666666667,-0.896,-1.5773333333333335,-1.578,-0.253,-0.271,-0.9406666666666667,-0.9119999999999999,-2.19,-2.137,0.3293333333333333,0.348,-0.9045,-0.9185,-6.828,-6.148,4.959666666666666,4.4965,49
12.0,Washout,10.0,2.149349313400776,-0.3387434090358397,0.6076666666666667,-0.889,-0.347,-1.576,1.5573333333333332,-0.217,0.9686666666666666,-0.8405,-0.9003333333333332,-2.022,2.8653333333333335,0.379,0.9466666666666667,-0.8295,-4.9991666666666665,-5.872,6.726333333333333,4.6545,50
12.0,ReRotation,1.0,3.3934244045691258,2.594158243525429,3.394,3.601,2.0773333333333333,2.111,4.7443333333333335,5.106,3.3206666666666664,3.1715,0.6218333333333333,0.506,6.0335,5.945,3.324666666666667,3.221,-3.0080000000000005,-3.0385,9.188,9.152000000000001,51
12.0,ReRotation,2.0,2.803049100960235,2.0728516779427046,2.8383333333333334,2.98,1.9333333333333333,2.01,3.8073333333333337,4.021,2.7703333333333333,2.7119999999999997,0.48183333333333334,0.401,5.1401666666666666,5.067,2.728,2.7095000000000002,-3.423666666666667,-3.4535,8.842666666666666,8.52,52
12.0,ReRotation,3.0,2.9564304151119476,3.247635469678907,2.454,2.555,1.6946666666666665,1.78,3.243,3.38,2.5553333333333335,2.585,0.6473333333333333,0.7050000000000001,4.511,4.607,2.586,2.5965,-3.3048333333333333,-3.3055,8.077166666666667,8.1725,53
12.0,ReRotation,4.0,2.5116621171965785,1.4065564099817578,2.1786666666666665,2.252,1.4516666666666669,1.524,2.8913333333333333,2.969,2.1751666666666667,2.0605,0.30466666666666664,0.14600000000000002,4.072166666666667,3.8735,2.1835,2.0490000000000004,-3.643166666666666,-3.6239999999999997,8.072666666666667,8.1,54
12.0,ReRotation,5.0,1.5507159997655426,1.57655727834262,1.9773333333333334,2.032,1.2606666666666666,1.307,2.7070000000000003,2.736,1.898,1.897,0.26299999999999996,0.265,3.6184999999999996,3.615,1.8683333333333334,1.8435000000000001,-3.4166666666666665,-3.4610000000000003,7.437,7.5085,55
12.0,ReRotation,6.0,1.8763589522784934,1.1525804354202211,1.8266666666666669,1.868,1.086,1.168,2.5973333333333333,2.649,1.7670000000000001,1.7275,0.15816666666666668,0.136,3.416166666666667,3.3200000000000003,1.7375,1.7145000000000001,-4.111,-4.1455,7.554833333333334,7.2095,56
12.0,ReRotation,7.0,1.951403716667193,1.3395659193067746,1.7126666666666666,1.744,0.879,0.922,2.473333333333333,2.494,1.712,1.6385,0.137,0.1855,3.3296666666666668,3.225,1.6955,1.6320000000000001,-3.927,-3.9935,7.435,7.2645,57
12.0,ReRotation,8.0,1.3656280144751767,2.5747409640196675,0.5473333333333333,1.65,-0.681,0.793,1.7306666666666668,2.432,0.5955,1.635,-2.0565,0.0805,3.3356666666666666,3.4095,0.604,1.6680000000000001,-6.063833333333332,-4.702999999999999,7.142666666666667,7.692,58
14.0,Baseline,1.0,1.291608420726735,0.3320911981082728,-1.548,-1.548,-3.2495,-3.2495000000000003,0.204,0.20400000000000001,0.262,-0.367,-4.1161666666666665,-4.3475,4.334833333333333,3.482,0.24883333333333332,-0.3945,-7.2940000000000005,-7.439,7.0605,6.742,1
14.0,Baseline,2.0,-4.849252009605023,-6.590239851163986,-1.353,-1.353,-2.665,-2.665,-0.057,-0.057,-2.9051666666666662,-3.673,-7.109666666666667,-7.6085,1.3758333333333335,0.6885,-2.9096666666666664,-3.71,-10.192333333333332,-10.748999999999999,4.984333333333333,4.879,2
14.0,Baseline,3.0,-1.4081915946490355,-1.6259893468041113,-1.2015,-1.2015,-2.236,-2.2359999999999998,-0.20099999999999998,-0.201,-1.2243333333333333,-1.44,-4.774333333333334,-5.019,2.212333333333333,1.884,-1.2396666666666667,-1.4535,-8.150166666666665,-8.19,5.427166666666667,5.0035,3
14.0,Baseline,4.0,-3.1420670358921527,-3.4745776101252384,-1.0835000000000001,-1.0835,-1.8935000000000002,-1.8935,-0.25299999999999995,-0.253,-1.6643333333333334,-1.9585000000000001,-5.432166666666667,-5.043,1.9186666666666667,1.04,-1.6683333333333332,-1.9225,-9.096166666666667,-8.152000000000001,5.845166666666667,5.6419999999999995,4
14.0,Baseline,5.0,-0.8323959691631586,-0.39605757052412915,-0.992,-0.992,-1.679,-1.6789999999999998,-0.3105,-0.3105,-0.9596666666666667,-0.7435,-4.086333333333333,-3.2885,2.1571666666666665,1.6655,-0.9648333333333334,-0.7235,-7.884666666666667,-7.346,6.227833333333334,5.6240000000000006,5
14.0,Baseline,6.0,-0.3363447946727994,-0.7523436527672505,-0.9199999999999999,-0.9199999999999999,-1.526,-1.526,-0.3255,-0.3255,-0.8258333333333333,-0.8365,-3.3321666666666663,-3.252,1.659,1.5345,-0.8616666666666667,-0.88,-6.927166666666667,-6.577999999999999,5.245333333333334,5.055,6
14.0,Baseline,7.0,-2.717790477640234,-1.6771531665688135,-0.8624999999999999,-0.8625,-1.4415000000000002,-1.4415,-0.329,-0.329,-1.1303333333333334,-1.0455,-3.5581666666666667,-3.2720000000000002,1.1693333333333333,1.2075,-1.097,-1.0245,-7.358833333333333,-6.816000000000001,5.3395,4.88,7
14.0,Baseline,8.0,-0.7122376375105411,-0.6318892083986779,-0.8170000000000001,-0.817,-1.3724999999999998,-1.3725,-0.293,-0.29300000000000004,-0.7878333333333333,-0.768,-2.877333333333333,-2.8075,1.2416666666666667,1.24,-0.7955,-0.746,-6.4863333333333335,-6.4399999999999995,4.810666666666666,4.803,8
14.0,Baseline,9.0,-1.989942180330674,-1.431669445895944,-0.781,-0.781,-1.3205,-1.3205,-0.246,-0.246,-0.8873333333333333,-0.9325,-3.032166666666667,-2.9850000000000003,1.2076666666666667,1.1604999999999999,-0.8838333333333334,-0.956,-7.190833333333334,-6.677,5.844,5.5489999999999995,9
14.0,Baseline,10.0,-1.0362219210397525,-0.12304327802730985,-0.7520000000000001,-0.752,-1.3055,-1.3054999999999999,-0.22599999999999998,-0.22599999999999998,-0.6215,-0.6045,-2.6201666666666665,-2.4074999999999998,1.3651666666666664,1.208,-0.6301666666666667,-0.5745,-7.642500000000001,-6.827999999999999,6.337833333333333,5.659,10
14.0,Baseline,11.0,-1.3123003955754147,-1.3688927909980264,-0.7284999999999999,-0.7284999999999999,-1.2914999999999999,-1.2915,-0.1985,-0.1985,-0.8351666666666667,-0.8674999999999999,-2.6943333333333332,-2.6109999999999998,0.981,0.8625,-0.8438333333333333,-0.851,-6.8148333333333335,-6.628,5.185833333333333,4.769,11
14.0,Baseline,12.0,-1.3035520857190048,-1.3423889690674924,-0.71,-0.71,-1.28,-1.28,-0.17049999999999998,-0.17049999999999998,-0.7896666666666666,-0.81,-2.6363333333333334,-2.5065,0.9531666666666667,0.8755,-0.8143333333333332,-0.8325,-7.0264999999999995,-7.0915,5.347666666666666,5.333,12
14.0,Baseline,13.0,0.3537861703184905,1.0096809147021035,-0.695,-0.695,-1.2750000000000001,-1.275,-0.1515,-0.1515,-0.539,-0.4475,-2.2391666666666667,-2.1045,1.256,1.236,-0.5403333333333333,-0.4595,-6.785166666666666,-6.432,5.483333333333333,5.5775,13
14.0,Baseline,14.0,-0.22549253403706573,-0.2472828899743118,-0.6825,-0.6825,-1.2605000000000002,-1.2605,-0.121,-0.121,-0.6015,-0.601,-2.1751666666666667,-2.137,0.9281666666666667,0.9359999999999999,-0.5863333333333333,-0.607,-6.073,-6.048,4.855666666666667,4.934,14
14.0,Baseline,15.0,-1.14446552071262,-0.36832095115074553,-0.6725,-0.6725000000000001,-1.2545,-1.2545000000000002,-0.09700000000000002,-0.097,-0.7213333333333334,-0.6245,-2.302,-2.1705,0.8095,0.833,-0.6953333333333335,-0.639,-6.057333333333333,-5.8205,4.9105,4.921,15
14.0,Baseline,16.0,-1.016678054177378,-0.300389068837253,-0.6645,-0.6645000000000001,-1.246,-1.246,-0.0725,-0.07250000000000001,-0.6611666666666667,-0.602,-2.156333333333333,-2.05,0.8165,0.804,-0.6699999999999999,-0.624,-6.1739999999999995,-5.8185,4.800166666666667,4.6685,16
14.0,Baseline,17.0,0.9040259300164507,-0.108361976527894,-0.6674,-0.661,-1.596,-1.232,0.32599999999999996,-0.05,-0.29979999999999996,-0.573,-2.4276,-2.146,1.9116,0.943,-0.2948,-0.504,-6.2096,-6.129,5.5534,4.97,17
14.0,Rotation,1.0,-1.466634056983059,-0.4291232313056288,-0.6563333333333333,-0.677,-1.9563333333333333,-2.142,0.723,0.89,-0.8471666666666667,-0.546,-3.5256666666666665,-3.077,1.835,1.669,-0.8568333333333333,-0.5680000000000001,-7.162333333333334,-6.894,5.302499999999999,5.369,18
14.0,Rotation,2.0,-1.3682304786834776,-0.3216580312570637,-0.6006666666666667,-0.615,-1.49,-1.585,0.297,0.389,-0.6988333333333333,-0.5095000000000001,-2.997666666666667,-2.601,1.4396666666666667,1.2905000000000002,-0.6873333333333332,-0.5075000000000001,-6.650666666666666,-5.992,5.4093333333333335,4.986000000000001,19
14.0,Rotation,3.0,-2.2737862141158565,-1.7755658152208713,-0.5623333333333332,-0.572,-1.2329999999999999,-1.3,0.08266666666666667,0.113,-0.7280000000000001,-0.6685,-2.671666666666667,-2.5484999999999998,1.0723333333333334,0.985,-0.7331666666666666,-0.7270000000000001,-6.736999999999999,-6.711,5.418,5.3155,20
14.0,Rotation,4.0,-0.19446003188699587,-0.09625180161452661,-0.536,-0.543,-1.0703333333333334,-1.099,0.010333333333333333,0.022,-0.49016666666666664,-0.4575,-2.056833333333333,-2.0365,1.0586666666666666,0.98,-0.4848333333333334,-0.488,-5.985333333333333,-5.792,5.1685,4.834,21
14.0,Rotation,5.0,-0.041963067842558766,-0.0783642130865578,-0.517,-0.522,-1.0123333333333333,-1.013,-0.029666666666666664,-0.013,-0.449,-0.452,-1.8135000000000001,-1.824,0.878,0.8675,-0.4503333333333333,-0.4545,-5.93,-5.8635,4.565,4.5705,22
14.0,Rotation,6.0,-0.07362952952902314,-0.1303463128331089,-0.503,-0.507,-1.0033333333333332,-1.011,-0.054,-0.063,-0.453,-0.458,-1.7393333333333334,-1.7435,0.7746666666666666,0.7755000000000001,-0.47583333333333333,-0.4945,-5.835333333333334,-5.612500000000001,4.7860000000000005,4.843,23
14.0,Rotation,7.0,-0.36585343570818624,0.3200525926956398,-0.4923333333333333,-0.495,-0.9776666666666666,-0.988,-0.021,-0.036,-0.4756666666666667,-0.41300000000000003,-1.7501666666666666,-1.6629999999999998,0.7006666666666667,0.6785,-0.4836666666666667,-0.40800000000000003,-6.254833333333334,-6.3285,5.3406666666666665,5.1945,24
14.0,Rotation,8.0,-0.9535954882404769,-0.35151217882972696,-0.48500000000000004,-0.487,-0.9676666666666667,-0.957,0.009,0.009,-0.48383333333333334,-0.46699999999999997,-1.681,-1.6244999999999998,0.6853333333333333,0.6085,-0.45166666666666666,-0.4485,-6.476333333333334,-6.237,5.651166666666666,5.8565000000000005,25
14.0,Rotation,9.0,-0.6668013192754983,-0.949925183904841,-0.47933333333333333,-0.481,-0.9816666666666666,-0.989,0.023666666666666666,0.009,-0.4868333333333334,-0.525,-1.6398333333333335,-1.6364999999999998,0.61,0.516,-0.5033333333333333,-0.5145,-6.120833333333334,-6.0245,5.283833333333333,5.133,26
14.0,Rotation,10.0,-0.6922345507460137,-0.3178914579513506,-0.4746666666666666,-0.476,-0.9743333333333334,-0.967,0.052,0.053,-0.48300000000000004,-0.4525,-1.5783333333333334,-1.5625,0.559,0.548,-0.48966666666666664,-0.4945,-5.635166666666667,-5.6545000000000005,4.785333333333333,4.72,27
14.0,Rotation,11.0,-3.0117147697144073,-2.3502071872860273,-0.4709999999999999,-0.472,-0.9883333333333333,-0.989,0.057999999999999996,0.05,-0.5455,-0.574,-1.6458333333333333,-1.6400000000000001,0.5505,0.5595,-0.557,-0.5595,-6.898333333333333,-6.500500000000001,5.625666666666667,5.1825,28
14.0,Rotation,12.0,-0.4280064819100684,-0.5229237894963599,-0.4683333333333333,-0.469,-0.9986666666666667,-0.987,0.06733333333333333,0.074,-0.47933333333333333,-0.46950000000000003,-1.5728333333333333,-1.474,0.5606666666666666,0.53,-0.48266666666666663,-0.47150000000000003,-6.369166666666666,-6.140499999999999,5.316666666666666,5.059,29
14.0,Rotation,13.0,-2.599869131530807,-0.8116311651205026,-0.4663333333333333,-0.467,-1.0166666666666666,-1.022,0.06466666666666666,0.054,-0.5036666666666667,-0.489,-1.5395,-1.4700000000000002,0.5535,0.5489999999999999,-0.4875,-0.47950000000000004,-6.703833333333333,-5.542,5.564,4.8125,30
14.0,Rotation,14.0,1.1555287614812604,0.26702917463763426,-0.4643333333333333,-0.465,-1.0013333333333334,-1.006,0.09599999999999999,0.086,-0.4256666666666667,-0.40800000000000003,-1.4561666666666666,-1.429,0.6665,0.6725,-0.3913333333333333,-0.35750000000000004,-6.55,-5.8635,5.731000000000001,5.503500000000001,31
14.0,Rotation,15.0,0.009476254282539722,-0.21984217093334266,-0.586,-0.463,-1.406666666666667,-0.992,0.20633333333333334,0.116,-0.5298333333333334,-0.4525,-1.9856666666666667,-1.5095,0.8494999999999999,0.6535,-0.5095,-0.41300000000000003,-5.983666666666667,-5.989,4.932333333333333,4.929,32
14.0,Washout,1.0,-1.3532188870200288,-0.3940317168522719,-0.766,-0.832,-1.977666666666667,-2.236,0.31833333333333336,0.387,-0.8276666666666667,-0.6335,-3.0505,-2.7695,1.1996666666666667,1.0955,-0.8436666666666667,-0.6385000000000001,-6.8975,-6.5635,4.9045,4.7435,33
14.0,Washout,2.0,-0.8932060317744535,-0.7816908203794568,-0.5916666666666667,-0.634,-1.3466666666666667,-1.461,0.13933333333333334,0.181,-0.63,-0.5995,-2.2548333333333335,-2.2960000000000003,0.949,0.9225,-0.6265,-0.5825,-6.021666666666667,-6.0545,4.7735,4.76,34
14.0,Washout,3.0,-1.4423863007867557,-0.9720965253335068,-0.478,-0.507,-1.0416666666666667,-1.118,0.061,0.056,-0.524,-0.4645,-1.9110000000000003,-1.74,0.8543333333333333,0.75,-0.5436666666666666,-0.47350000000000003,-6.568666666666666,-6.379,5.279333333333333,5.2565,35
14.0,Washout,4.0,-0.913392106444281,-0.257089417686727,-0.3993333333333333,-0.42,-0.8610000000000001,-0.889,0.08266666666666667,0.071,-0.40199999999999997,-0.378,-1.6123333333333332,-1.5594999999999999,0.7623333333333333,0.716,-0.4043333333333334,-0.377,-5.952000000000001,-5.6355,5.1098333333333334,4.686,36
14.0,Washout,5.0,-0.17323501837803093,-0.2185360524517658,-0.34299999999999997,-0.358,-0.7926666666666667,-0.805,0.125,0.106,-0.32816666666666666,-0.341,-1.3825,-1.3895,0.7193333333333333,0.7125,-0.29933333333333334,-0.299,-5.518,-5.452999999999999,4.836166666666666,4.781000000000001,37
14.0,Washout,6.0,-0.22583891362785022,-0.2546422565532378,-0.302,-0.313,-0.7643333333333334,-0.768,0.18366666666666667,0.163,-0.28950000000000004,-0.2915,-1.2586666666666666,-1.257,0.7108333333333333,0.7015,-0.2805,-0.2865,-5.385000000000001,-5.426,4.8255,4.808,38
14.0,Washout,7.0,0.05288823568496167,-0.16746954680638382,-0.27166666666666667,-0.28,-0.7663333333333333,-0.757,0.2353333333333333,0.225,-0.25366666666666665,-0.262,-1.1816666666666666,-1.1825,0.709,0.709,-0.2965,-0.317,-5.4751666666666665,-5.359999999999999,4.8180000000000005,4.7355,39
14.0,Washout,8.0,-0.11707582323055227,-0.13381493537602215,-0.24866666666666667,-0.255,-0.778,-0.785,0.2803333333333333,0.256,-0.24133333333333332,-0.2325,-1.143,-1.1205,0.6983333333333333,0.6995,-0.215,-0.1955,-5.093833333333333,-5.1754999999999995,5.021333333333334,5.0065,40
14.0,Washout,9.0,-0.7560087445796038,-0.224837665634488,-0.2313333333333333,-0.236,-0.7736666666666667,-0.764,0.3336666666666667,0.329,-0.24733333333333332,-0.2295,-1.1731666666666667,-1.1395,0.6581666666666667,0.652,-0.25066666666666665,-0.229,-5.366666666666667,-5.135,4.998333333333334,4.978,41
14.0,Washout,10.0,0.6153237513452122,-0.16919957918386805,0.645,-0.222,-0.18300000000000005,-0.793,1.532333333333333,0.343,0.6366666666666667,-0.219,-0.7321666666666666,-1.104,2.010666666666667,0.6555,0.6481666666666667,-0.215,-4.762,-5.0845,5.8785,4.9465,42
14.0,ReRotation,1.0,2.7002787366908336,2.112223149741035,2.1563333333333334,2.379,0.9723333333333333,1.037,3.4793333333333334,3.911,2.2608333333333333,2.0915,0.07883333333333332,-0.007000000000000006,4.545833333333333,4.403499999999999,2.2851666666666666,2.112,-3.5591666666666666,-3.689,8.257666666666667,8.519,43
14.0,ReRotation,2.0,1.7136450926825606,1.663010663889367,1.5676666666666668,1.711,0.7856666666666667,0.843,2.408,2.616,1.5958333333333332,1.67,-0.09516666666666666,-0.061,3.255333333333333,3.44,1.6261666666666665,1.68,-3.9461666666666666,-3.8674999999999997,6.990333333333333,6.9815000000000005,44
14.0,ReRotation,3.0,2.160562371292832,1.9837019523784827,1.1846666666666665,1.281,0.5916666666666667,0.671,1.857,1.992,1.2933333333333332,1.2685,-0.153,-0.1585,2.7693333333333334,2.6575,1.3078333333333334,1.2655,-4.2795,-4.317,6.884166666666666,6.768,45
14.0,ReRotation,4.0,0.7119336783262544,0.6349360957642747,0.9253333333333332,0.992,0.36633333333333334,0.433,1.5090000000000001,1.587,0.9055,0.956,-0.32949999999999996,-0.299,2.1839999999999997,2.2865,0.908,0.9299999999999999,-4.427833333333333,-4.294499999999999,6.077833333333333,6.0875,46
14.0,ReRotation,5.0,0.151994711056916,0.1470478149120457,0.7443333333333334,0.792,0.18000000000000002,0.233,1.3086666666666666,1.353,0.6846666666666666,0.723,-0.44799999999999995,-0.4495,1.8355,1.8485,0.6936666666666667,0.7095,-4.5305,-4.532,5.881,5.9085,47
14.0,ReRotation,6.0,0.24262638494280062,0.16966385086980423,0.6146666666666667,0.649,0.022999999999999996,0.074,1.1923333333333332,1.22,0.5848333333333333,0.5965,-0.49766666666666665,-0.46399999999999997,1.6753333333333333,1.6915,0.569,0.5794999999999999,-4.557166666666666,-4.5715,5.859999999999999,5.978,48
14.0,ReRotation,7.0,0.5572331802592884,0.5114077619227373,0.521,0.546,-0.10766666666666667,-0.079,1.137,1.137,0.5216666666666666,0.532,-0.5545,-0.5605,1.5696666666666665,1.5675,0.5271666666666667,0.544,-4.529,-4.5600000000000005,5.577000000000001,5.5715,49
14.0,ReRotation,8.0,0.7578227242167422,0.658146882649617,0.471,0.471,-0.165,-0.165,1.137,1.137,0.49175,0.48850000000000005,-0.55025,-0.5565,1.5565,1.5354999999999999,0.51,0.492,-4.55575,-4.4845,5.82175,5.808999999999999,50
